time_days,distance_m,ph,dic_mmol_kgw
2.0,1.25,6.243362906925201,0.5759147766883959
2.0,3.75,6.26148971642549,0.5511287638455644
2.0,6.25,6.266253781277081,0.5448005766877076
2.0,8.75,6.26741086025378,0.5432729817160532
2.0,11.25,6.266731589017531,0.5441632997541407
2.0,13.75,6.264817605087188,0.5466869353691544
2.0,16.25,6.263016296368446,0.5490733810737742
2.0,18.75,6.262165844617876,0.5502025728033623
2.0,21.25,6.2620181137060476,0.5503969055712836
2.0,23.75,6.261972884758292,0.5504548569230753
2.0,26.25,6.261960930037892,0.550468664781999
2.0,28.75,6.261956777309806,0.550472277059803
2.0,31.25,6.261954320850917,0.5504738479849874
2.0,33.75,6.26195216636495,0.5504752298598181
2.0,36.25,6.261950319215425,0.5504764153182784
2.0,38.75,6.261948780104923,0.5504774032387014
2.0,41.25,6.261947548968807,0.550478193555162
2.0,43.75,6.261946625649479,0.5504787863555624
2.0,46.25,6.261945163250133,0.5504803077641905
2.0,48.75,6.261945702032622,0.550479379641122
4.0,1.25,6.320148492368346,0.4797041992869602
4.0,3.75,6.4157580699875005,0.381864470408905
4.0,6.25,6.403731393761416,0.3929026821772869
4.0,8.75,6.390634820256063,0.40531683401066865
4.0,11.25,6.266731589017531,0.5441632997541407
4.0,13.75,6.264817605087188,0.5466869353691544
4.0,16.25,6.263016296368446,0.5490733810737742
4.0,18.75,6.262165844617876,0.5502025728033623
4.0,21.25,6.2620181137060476,0.5503969055712836
4.0,23.75,6.261972884758292,0.5504548569230753
4.0,26.25,6.261960930037892,0.550468664781999
4.0,28.75,6.261956777309806,0.550472277059803
4.0,31.25,6.261954320850917,0.5504738479849874
4.0,33.75,6.26195216636495,0.5504752298598181
4.0,36.25,6.261950319215425,0.5504764153182784
4.0,38.75,6.261948780104923,0.5504774032387014
4.0,41.25,6.261947548968807,0.550478193555162
4.0,43.75,6.261946625649479,0.5504787863555624
4.0,46.25,6.261945163250133,0.5504803077641905
4.0,48.75,6.261945702032622,0.550479379641122
6.0,1.25,7.656040320202575,0.026276949926851777
6.0,3.75,7.693892234882093,0.024544358588911703
6.0,6.25,7.693896349853748,0.024542001963667886
6.0,8.75,7.693882702661777,0.024541135346507852
6.0,11.25,6.381028343393247,0.4157880501776766
6.0,13.75,6.264817605087188,0.5466869353691544
6.0,16.25,6.263016296368446,0.5490733810737742
6.0,18.75,6.262165844617876,0.5502025728033623
6.0,21.25,6.2620181137060476,0.5503969055712836
6.0,23.75,6.261972884758292,0.5504548569230753
6.0,26.25,6.261960930037892,0.550468664781999
6.0,28.75,6.261956777309806,0.550472277059803
6.0,31.25,6.261954320850917,0.5504738479849874
6.0,33.75,6.26195216636495,0.5504752298598181
6.0,36.25,6.261950319215425,0.5504764153182784
6.0,38.75,6.261948780104923,0.5504774032387014
6.0,41.25,6.261947548968807,0.550478193555162
6.0,43.75,6.261946625649479,0.5504787863555624
6.0,46.25,6.261945163250133,0.5504803077641905
6.0,48.75,6.261945702032622,0.550479379641122
8.0,1.25,7.693399238841249,0.024665786256155297
8.0,3.75,7.693939882657849,0.024663295217999894
8.0,6.25,7.693961335477313,0.024659735503046502
8.0,8.75,7.693943186874059,0.024658332680995144
8.0,11.25,7.693215054347837,0.024648261228733606
8.0,13.75,6.33821122837884,0.4617462836078272
8.0,16.25,6.263016296368446,0.5490733810737742
8.0,18.75,6.262165844617876,0.5502025728033623
8.0,21.25,6.2620181137060476,0.5503969055712836
8.0,23.75,6.261972884758292,0.5504548569230753
8.0,26.25,6.261960930037892,0.550468664781999
8.0,28.75,6.261956777309806,0.550472277059803
8.0,31.25,6.261954320850917,0.5504738479849874
8.0,33.75,6.26195216636495,0.5504752298598181
8.0,36.25,6.261950319215425,0.5504764153182784
8.0,38.75,6.261948780104923,0.5504774032387014
8.0,41.25,6.261947548968807,0.550478193555162
8.0,43.75,6.261946625649479,0.5504787863555624
8.0,46.25,6.261945163250133,0.5504803077641905
8.0,48.75,6.261945702032622,0.550479379641122
10.0,1.25,7.693583028796791,0.02478639474232896
10.0,3.75,7.694592586764712,0.024788452823132863
10.0,6.25,7.694637004331853,0.02478364728481888
10.0,8.75,7.694613620543291,0.024781312855226247
10.0,11.25,7.693191233909714,0.024764895178673033
10.0,13.75,7.69251727170978,0.024755314493626383
10.0,16.25,6.297366993943368,0.5106394755648985
10.0,18.75,6.262165844617876,0.5502025728033623
10.0,21.25,6.2620181137060476,0.5503969055712836
10.0,23.75,6.261972884758292,0.5504548569230753
10.0,26.25,6.261960930037892,0.550468664781999
10.0,28.75,6.261956777309806,0.550472277059803
10.0,31.25,6.261954320850917,0.5504738479849874
10.0,33.75,6.26195216636495,0.5504752298598181
10.0,36.25,6.261950319215425,0.5504764153182784
10.0,38.75,6.261948780104923,0.5504774032387014
10.0,41.25,6.261947548968807,0.550478193555162
10.0,43.75,6.261946625649479,0.5504787863555624
10.0,46.25,6.261945163250133,0.5504803077641905
10.0,48.75,6.261945702032622,0.550479379641122
12.0,1.25,7.694624511859977,0.02491632797429876
12.0,3.75,7.69641534991326,0.024927223393485954
12.0,6.25,7.696487529901704,0.024921361267955033
12.0,8.75,7.696459405544123,0.024917804031223446
12.0,11.25,7.693723126166115,0.02488694131250535
12.0,13.75,7.692421870907809,0.024872144039555087
12.0,16.25,7.139551954731309,0.07485688270813384
12.0,18.75,6.262165844617876,0.5502025728033623
12.0,21.25,6.2620181137060476,0.5503969055712836
12.0,23.75,6.261972884758292,0.5504548569230753
12.0,26.25,6.261960930037892,0.550468664781999
12.0,28.75,6.261956777309806,0.550472277059803
12.0,31.25,6.261954320850917,0.5504738479849874
12.0,33.75,6.26195216636495,0.5504752298598181
12.0,36.25,6.261950319215425,0.5504764153182784
12.0,38.75,6.261948780104923,0.5504774032387014
12.0,41.25,6.261947548968807,0.550478193555162
12.0,43.75,6.261946625649479,0.5504787863555624
12.0,46.25,6.261945163250133,0.5504803077641905
12.0,48.75,6.261945702032622,0.550479379641122
14.0,1.25,7.6967644416161125,0.025061220537870965
14.0,3.75,7.699060921743484,0.025082409113706947
14.0,6.25,7.699175233881482,0.025075979541440262
14.0,8.75,7.699154138352237,0.02507114352153437
14.0,11.25,7.695345745019958,0.025021457796850076
14.0,13.75,7.692823234083556,0.02499374730729863
14.0,16.25,7.691598717179817,0.0249796743282168
14.0,18.75,6.309733322809529,0.4982835518758128
14.0,21.25,6.2620181137060476,0.5503969055712836
14.0,23.75,6.261972884758292,0.5504548569230753
14.0,26.25,6.261960930037892,0.550468664781999
14.0,28.75,6.261956777309806,0.550472277059803
14.0,31.25,6.261954320850917,0.5504738479849874
14.0,33.75,6.26195216636495,0.5504752298598181
14.0,36.25,6.261950319215425,0.5504764153182784
14.0,38.75,6.261948780104923,0.5504774032387014
14.0,41.25,6.261947548968807,0.550478193555162
14.0,43.75,6.261946625649479,0.5504787863555624
14.0,46.25,6.261945163250133,0.5504803077641905
14.0,48.75,6.261945702032622,0.550479379641122
16.0,1.25,7.699198467711317,0.02521846481084872
16.0,3.75,7.701337330991959,0.025238525624011954
16.0,6.25,7.701397726492637,0.02523071165642916
16.0,8.75,7.701433337138594,0.025225572777896346
16.0,11.25,7.697741297049746,0.02517151759047421
16.0,13.75,7.6942445494595795,0.02512688518862885
16.0,16.25,7.691818387689757,0.025100788793071534
16.0,18.75,6.50200918755735,0.3166849810645625
16.0,21.25,6.2620181137060476,0.5503969055712836
16.0,23.75,6.261972884758292,0.5504548569230753
16.0,26.25,6.261960930037892,0.550468664781999
16.0,28.75,6.261956777309806,0.550472277059803
16.0,31.25,6.261954320850917,0.5504738479849874
16.0,33.75,6.26195216636495,0.5504752298598181
16.0,36.25,6.261950319215425,0.5504764153182784
16.0,38.75,6.261948780104923,0.5504774032387014
16.0,41.25,6.261947548968807,0.550478193555162
16.0,43.75,6.261946625649479,0.5504787863555624
16.0,46.25,6.261945163250133,0.5504803077641905
16.0,48.75,6.261945702032622,0.550479379641122
18.0,1.25,7.700586466066343,0.025360536624755466
18.0,3.75,7.700818549478464,0.025354238339260753
18.0,6.25,7.7008806615424295,0.025346303166381267
18.0,8.75,7.700924183387815,0.025340155723752183
18.0,11.25,7.700510039300235,0.02533436081705573
18.0,13.75,7.696489473578627,0.025275195423915747
18.0,16.25,7.692918949697579,0.02523166670135981
18.0,18.75,7.690137097992777,0.02520041117406688
18.0,21.25,6.299353521014375,0.513579138131327
18.0,23.75,6.261972884758292,0.5504548569230753
18.0,26.25,6.261960930037892,0.550468664781999
18.0,28.75,6.261956777309806,0.550472277059803
18.0,31.25,6.261954320850917,0.5504738479849874
18.0,33.75,6.26195216636495,0.5504752298598181
18.0,36.25,6.261950319215425,0.5504764153182784
18.0,38.75,6.261948780104923,0.5504774032387014
18.0,41.25,6.261947548968807,0.550478193555162
18.0,43.75,6.261946625649479,0.5504787863555624
18.0,46.25,6.261945163250133,0.5504803077641905
18.0,48.75,6.261945702032622,0.550479379641122
20.0,1.25,7.7000562247453095,0.025476440087647042
20.0,3.75,7.7002803792014545,0.02547248385890431
20.0,6.25,7.700342013115353,0.02546467905492606
20.0,8.75,7.7003914284039485,0.02545780560931042
20.0,11.25,7.700372820954712,0.02545359551893416
20.0,13.75,7.698991062061907,0.02543563367567539
20.0,16.25,7.695032743271118,0.025377624895380157
20.0,18.75,7.690089053464936,0.025322151038173497
20.0,21.25,6.468593210386447,0.34440992625673006
20.0,23.75,6.261972884758292,0.5504548569230753
20.0,26.25,6.261960930037892,0.550468664781999
20.0,28.75,6.261956777309806,0.550472277059803
20.0,31.25,6.261954320850917,0.5504738479849874
20.0,33.75,6.26195216636495,0.5504752298598181
20.0,36.25,6.261950319215425,0.5504764153182784
20.0,38.75,6.261948780104923,0.5504774032387014
20.0,41.25,6.261947548968807,0.550478193555162
20.0,43.75,6.261946625649479,0.5504787863555624
20.0,46.25,6.261945163250133,0.5504803077641905
20.0,48.75,6.261945702032622,0.550479379641122
22.0,1.25,7.699513133251281,0.02559457124390385
22.0,3.75,7.699738912069554,0.025591575706295413
22.0,6.25,7.699798334395998,0.025584095092314768
22.0,8.75,7.699852311517255,0.02557666776124581
22.0,11.25,7.699843225853318,0.02557147520759561
22.0,13.75,7.699817404408266,0.02556960738004779
22.0,16.25,7.697360264616855,0.02553639241407038
22.0,18.75,7.690624541382599,0.025450213039077456
22.0,21.25,7.68886009973285,0.025428875505874
22.0,23.75,6.261972884758292,0.5504548569230753
22.0,26.25,6.261960930037892,0.550468664781999
22.0,28.75,6.261956777309806,0.550472277059803
22.0,31.25,6.261954320850917,0.5504738479849874
22.0,33.75,6.26195216636495,0.5504752298598181
22.0,36.25,6.261950319215425,0.5504764153182784
22.0,38.75,6.261948780104923,0.5504774032387014
22.0,41.25,6.261947548968807,0.550478193555162
22.0,43.75,6.261946625649479,0.5504787863555624
22.0,46.25,6.261945163250133,0.5504803077641905
22.0,48.75,6.261945702032622,0.550479379641122
24.0,1.25,7.69896602095087,0.025713841103546534
24.0,3.75,7.6991939139485295,0.0257117754359312
24.0,6.25,7.699249834955965,0.02570476367034014
24.0,8.75,7.699306935956483,0.025696968686854258
24.0,11.25,7.699304834791679,0.025691032809170563
24.0,13.75,7.699290138257479,0.02568765292399688
24.0,16.25,7.699249023216703,0.025688009704453105
24.0,18.75,7.692253139718691,0.02559138096494469
24.0,21.25,7.6888111201571165,0.025553568883324985
24.0,23.75,6.3179546961283855,0.4951376257764801
24.0,26.25,6.261960930037892,0.550468664781999
24.0,28.75,6.261956777309806,0.550472277059803
24.0,31.25,6.261954320850917,0.5504738479849874
24.0,33.75,6.26195216636495,0.5504752298598181
24.0,36.25,6.261950319215425,0.5504764153182784
24.0,38.75,6.261948780104923,0.5504774032387014
24.0,41.25,6.261947548968807,0.550478193555162
24.0,43.75,6.261946625649479,0.5504787863555624
24.0,46.25,6.261945163250133,0.5504803077641905
24.0,48.75,6.261945702032622,0.550479379641122
26.0,1.25,7.698414492829264,0.025834394004580125
26.0,3.75,7.698645039908868,0.02583318186679611
26.0,6.25,7.698696599844155,0.025826733911254906
26.0,8.75,7.698755399789504,0.025818751207509857
26.0,11.25,7.698759938154697,0.025812098793667644
26.0,13.75,7.69875029203096,0.025808053475828326
26.0,16.25,7.698725710625061,0.025806015149877484
26.0,18.75,7.694526657745081,0.025747893692289685
26.0,21.25,7.689333948273019,0.02568451834594637
26.0,23.75,6.4850032986427255,0.33418492859553295
26.0,26.25,6.261960930037892,0.550468664781999
26.0,28.75,6.261956777309806,0.550472277059803
26.0,31.25,6.261954320850917,0.5504738479849874
26.0,33.75,6.26195216636495,0.5504752298598181
26.0,36.25,6.261950319215425,0.5504764153182784
26.0,38.75,6.261948780104923,0.5504774032387014
26.0,41.25,6.261947548968807,0.550478193555162
26.0,43.75,6.261946625649479,0.5504787863555624
26.0,46.25,6.261945163250133,0.5504803077641905
26.0,48.75,6.261945702032622,0.550479379641122
28.0,1.25,7.697858172061635,0.02595630089597766
28.0,3.75,7.6980918829449525,0.025955858611906486
28.0,6.25,7.698138577779967,0.025950027888238556
28.0,8.75,7.698197767854522,0.02594201963465265
28.0,11.25,7.698208406415489,0.025934741727580174
28.0,13.75,7.69820421729618,0.025929946153572973
28.0,16.25,7.6981827652849555,0.025927499436534895
28.0,18.75,7.697198099005869,0.025916784175325492
28.0,21.25,7.69097204356861,0.025828805133952696
28.0,23.75,7.686919187120489,0.025782031963510088
28.0,26.25,6.261960930037892,0.550468664781999
28.0,28.75,6.261956777309806,0.550472277059803
28.0,31.25,6.261954320850917,0.5504738479849874
28.0,33.75,6.26195216636495,0.5504752298598181
28.0,36.25,6.261950319215425,0.5504764153182784
28.0,38.75,6.261948780104923,0.5504774032387014
28.0,41.25,6.261947548968807,0.550478193555162
28.0,43.75,6.261946625649479,0.5504787863555624
28.0,46.25,6.261945163250133,0.5504803077641905
28.0,48.75,6.261945702032622,0.550479379641122
30.0,1.25,7.697296674574532,0.026079611823704756
30.0,3.75,7.697533970704488,0.026079859084691893
30.0,6.25,7.697575594390063,0.026074667010004052
30.0,8.75,7.697634018052751,0.026066771705901968
30.0,11.25,7.697650114395591,0.02605898287630033
30.0,13.75,7.697651630213341,0.02605342796659424
30.0,16.25,7.697633977829069,0.02605040546472891
30.0,18.75,7.697566723855751,0.02604929829011865
30.0,21.25,7.693428668090175,0.02599013163345897
30.0,23.75,7.686857468604822,0.025911007808971837
30.0,26.25,6.315108163283153,0.5026565107740651
30.0,28.75,6.261956777309806,0.550472277059803
30.0,31.25,6.261954320850917,0.5504738479849874
30.0,33.75,6.26195216636495,0.5504752298598181
30.0,36.25,6.261950319215425,0.5504764153182784
30.0,38.75,6.261948780104923,0.5504774032387014
30.0,41.25,6.261947548968807,0.550478193555162
30.0,43.75,6.261946625649479,0.5504787863555624
30.0,46.25,6.261945163250133,0.5504803077641905
30.0,48.75,6.261945702032622,0.550479379641122
32.0,1.25,7.6967296360679995,0.026204369258154638
32.0,3.75,7.6969708080821695,0.02620523273734487
32.0,6.25,7.697007335368919,0.02620067718999119
32.0,8.75,7.6970640565410715,0.0261930076711476
32.0,11.25,7.697084922306821,0.026184831152275392
32.0,13.75,7.6970922324893385,0.02617854217951751
32.0,16.25,7.697079007037072,0.026174868715687985
32.0,18.75,7.6970193391658634,0.026173114547773824
32.0,21.25,7.696352825466448,0.026166107184268674
32.0,23.75,7.687374046947979,0.026046476282727517
32.0,26.25,6.474787213313346,0.3452324133922539
32.0,28.75,6.261956777309806,0.550472277059803
32.0,31.25,6.261954320850917,0.5504738479849874
32.0,33.75,6.26195216636495,0.5504752298598181
32.0,36.25,6.261950319215425,0.5504764153182784
32.0,38.75,6.261948780104923,0.5504774032387014
32.0,41.25,6.261947548968807,0.550478193555162
32.0,43.75,6.261946625649479,0.5504787863555624
32.0,46.25,6.261945163250133,0.5504803077641905
32.0,48.75,6.261945702032622,0.550479379641122
34.0,1.25,7.696156656189246,0.02633060860599797
34.0,3.75,7.696401856324787,0.026332023136484067
34.0,6.25,7.696433404249097,0.02632808592851799
34.0,8.75,7.6964876823105,0.026320729633537827
34.0,11.25,7.696512670791543,0.026312289050307323
34.0,13.75,7.696525723269011,0.026305313957291684
34.0,16.25,7.696517497258636,0.026300946559038932
34.0,18.75,7.696462949598147,0.026298831390581673
34.0,21.25,7.696426471983069,0.026297835756929427
34.0,23.75,7.689013305655382,0.026195636110749047
34.0,26.25,7.6849297665283185,0.02614764881927972
34.0,28.75,6.261956777309806,0.550472277059803
34.0,31.25,6.261954320850917,0.5504738479849874
34.0,33.75,6.26195216636495,0.5504752298598181
34.0,36.25,6.261950319215425,0.5504764153182784
34.0,38.75,6.261948780104923,0.5504774032387014
34.0,41.25,6.261947548968807,0.550478193555162
34.0,43.75,6.261946625649479,0.5504787863555624
34.0,46.25,6.261945163250133,0.5504803077641905
34.0,48.75,6.261945702032622,0.550479379641122
36.0,1.25,7.695577280376772,0.02645836656359691
36.0,3.75,7.69582647884299,0.026460274863545605
36.0,6.25,7.695853255734723,0.02645692752975757
36.0,8.75,7.695904529199548,0.026449948424264548
36.0,11.25,7.6959331092964485,0.026441362253477246
36.0,13.75,7.6959517513971765,0.02643376577910113
36.0,16.25,7.69594902368651,0.026428681709644318
36.0,18.75,7.695900727085355,0.02642608539564728
36.0,21.25,7.695866946354676,0.026424974879989193
36.0,23.75,7.691468705140925,0.026362088946693053
36.0,26.25,7.684877114574767,0.026281551383610626
36.0,28.75,6.261956777309806,0.550472277059803
36.0,31.25,6.261954320850917,0.5504738479849874
36.0,33.75,6.26195216636495,0.5504752298598181
36.0,36.25,6.261950319215425,0.5504764153182784
36.0,38.75,6.261948780104923,0.5504774032387014
36.0,41.25,6.261947548968807,0.550478193555162
36.0,43.75,6.261946625649479,0.5504787863555624
36.0,46.25,6.261945163250133,0.5504803077641905
36.0,48.75,6.261945702032622,0.550479379641122
38.0,1.25,7.694991023176413,0.02658767288336407
38.0,3.75,7.6952440033575,0.02659002491151974
38.0,6.25,7.695266245083576,0.026587232986577378
38.0,8.75,7.695314129145109,0.026580674584439367
38.0,11.25,7.69534590818477,0.02657205228735741
38.0,13.75,7.6953699361724714,0.02656391119344169
38.0,16.25,7.695373143978246,0.02655810535110339
38.0,18.75,7.695332398345801,0.026554962145910105
38.0,21.25,7.695300428566003,0.026553639336132032
38.0,23.75,7.6944247570565345,0.026543984514334727
38.0,26.25,7.685421676796932,0.026422231602879313
38.0,28.75,6.3254416632574655,0.4959518089680702
38.0,31.25,6.261954320850917,0.5504738479849874
38.0,33.75,6.26195216636495,0.5504752298598181
38.0,36.25,6.261950319215425,0.5504764153182784
38.0,38.75,6.261948780104923,0.5504774032387014
38.0,41.25,6.261947548968807,0.550478193555162
38.0,43.75,6.261946625649479,0.5504787863555624
38.0,46.25,6.261945163250133,0.5504803077641905
38.0,48.75,6.261945702032622,0.550479379641122
40.0,1.25,7.694397303864708,0.026718554820027288
40.0,3.75,7.694653612939057,0.026721306508708454
40.0,6.25,7.6946715694557275,0.02671903290619157
40.0,8.75,7.6947158176159105,0.02671292130397348
40.0,11.25,7.694750617448235,0.02670436129489534
40.0,13.75,7.694779825864217,0.026695760261926296
40.0,16.25,7.69478935023411,0.026689243490620285
40.0,18.75,7.694757648587319,0.026685507756799908
40.0,21.25,7.694728219296601,0.026683846158375976
40.0,23.75,7.694659093499666,0.026682968229832408
40.0,26.25,7.687126763894757,0.02657727958866867
40.0,28.75,6.480369265248652,0.3447589162365013
40.0,31.25,6.261954320850917,0.5504738479849874
40.0,33.75,6.26195216636495,0.5504752298598181
40.0,36.25,6.261950319215425,0.5504764153182784
40.0,38.75,6.261948780104923,0.5504774032387014
40.0,41.25,6.261947548968807,0.550478193555162
40.0,43.75,6.261946625649479,0.5504787863555624
40.0,46.25,6.261945163250133,0.5504803077641905
40.0,48.75,6.261945702032622,0.550479379641122
42.0,1.25,7.693795410533722,0.02685104272904491
42.0,3.75,7.694054338962564,0.02685415483868492
42.0,6.25,7.694068232329726,0.026852361787706225
42.0,8.75,7.694108709059774,0.026846709056020563
42.0,11.25,7.694146615383349,0.02683829769385975
42.0,13.75,7.694180824611056,0.02682932559361139
42.0,16.25,7.694197010666234,0.026822123078996073
42.0,18.75,7.6941760899380105,0.02681776311088143
42.0,21.25,7.694150059323966,0.02681569193649038
42.0,23.75,7.694084281072267,0.026814813449434406
42.0,26.25,7.689734914944207,0.026751117603011017
42.0,28.75,7.682202415553092,0.026656350760289067
42.0,31.25,6.261954320850917,0.5504738479849874
42.0,33.75,6.26195216636495,0.5504752298598181
42.0,36.25,6.261950319215425,0.5504764153182784
42.0,38.75,6.261948780104923,0.5504774032387014
42.0,41.25,6.261947548968807,0.550478193555162
42.0,43.75,6.261946625649479,0.5504787863555624
42.0,46.25,6.261945163250133,0.5504803077641905
42.0,48.75,6.261945702032622,0.550479379641122
44.0,1.25,7.693184476090999,0.026985162092754627
44.0,3.75,7.693445011692961,0.026988598842006693
44.0,6.25,7.6934550245083315,0.026987249487727006
44.0,8.75,7.693491678330788,0.0269820565457997
44.0,11.25,7.693533082706147,0.02697386809943961
44.0,13.75,7.693572224734899,0.02696461508827157
44.0,16.25,7.693595429585841,0.02695676494510907
44.0,18.75,7.693587289650868,0.026951762223995694
44.0,21.25,7.693565661078019,0.02694922516512942
44.0,23.75,7.693502444520754,0.026948219674897498
44.0,26.25,7.692961845539324,0.026942680789107578
44.0,28.75,7.682153296090489,0.02679707053737813
44.0,31.25,6.261954320850917,0.5504738479849874
44.0,33.75,6.26195216636495,0.5504752298598181
44.0,36.25,6.261950319215425,0.5504764153182784
44.0,38.75,6.261948780104923,0.5504774032387014
44.0,41.25,6.261947548968807,0.550478193555162
44.0,43.75,6.261946625649479,0.5504787863555624
44.0,46.25,6.261945163250133,0.5504803077641905
44.0,48.75,6.261945702032622,0.550479379641122
46.0,1.25,7.692563446935861,0.027120933549317872
46.0,3.75,7.692824219050845,0.02712466129077522
46.0,6.25,7.692830475151088,0.027123720453116652
46.0,8.75,7.6928633125202595,0.027118979767983102
46.0,11.25,7.692908945483758,0.02711107712533875
46.0,13.75,7.692953104238801,0.027101632029660157
46.0,16.25,7.692983738279007,0.027093183189803093
46.0,18.75,7.692990761819312,0.02708753297703631
46.0,21.25,7.692974688004395,0.027084480860505567
46.0,23.75,7.692914801576723,0.027083226151253356
46.0,26.25,7.69285581520888,0.027082286098464633
46.0,28.75,7.682726619851135,0.026945013972593506
46.0,31.25,6.31666364861065,0.5123805363449363
46.0,33.75,6.26195216636495,0.5504752298598181
46.0,36.25,6.261950319215425,0.5504764153182784
46.0,38.75,6.261948780104923,0.5504774032387014
46.0,41.25,6.261947548968807,0.550478193555162
46.0,43.75,6.261946625649479,0.5504787863555624
46.0,46.25,6.261945163250133,0.5504803077641905
46.0,48.75,6.261945702032622,0.550479379641122
48.0,1.25,7.691931016347848,0.02725837947065959
48.0,3.75,7.6921901958893235,0.02726236498218064
48.0,6.25,7.69219274379277,0.027261799542802424
48.0,8.75,7.692221806035316,0.027257497347367533
48.0,11.25,7.692272827914436,0.027249933583914403
48.0,13.75,7.692322276642399,0.027240382095058666
48.0,16.25,7.6923608512902355,0.027231392406353836
48.0,18.75,7.692385914121882,0.02722510446614712
48.0,21.25,7.692376720790351,0.0272214943531375
48.0,23.75,7.692321124511768,0.027219927611198676
48.0,26.25,7.6922635057700095,0.027219304747543586
48.0,28.75,7.684466655056081,0.027107687478654725
48.0,31.25,6.462302936561246,0.3640226203605081
48.0,33.75,6.26195216636495,0.5504752298598181
48.0,36.25,6.261950319215425,0.5504764153182784
48.0,38.75,6.261948780104923,0.5504774032387014
48.0,41.25,6.261947548968807,0.550478193555162
48.0,43.75,6.261946625649479,0.5504787863555624
48.0,46.25,6.261945163250133,0.5504803077641905
48.0,48.75,6.261945702032622,0.550479379641122
50.0,1.25,7.691285520064367,0.02739752099255581
50.0,3.75,7.691540737001216,0.027401730017989095
50.0,6.25,7.691539532831521,0.027401508888542075
50.0,8.75,7.691564875440976,0.02739762700361555
50.0,11.25,7.691622930127996,0.027390447046956326
50.0,13.75,7.691678234860839,0.027380870784618455
50.0,16.25,7.691725428157311,0.027371405424840567
50.0,18.75,7.691772025751043,0.027364504523184386
50.0,21.25,7.691771255418612,0.02736030042062847
50.0,23.75,7.6917211342263085,0.027358372624884872
50.0,26.25,7.691665313809439,0.027357690543927577
50.0,28.75,7.687174623210572,0.027290515437469468
50.0,31.25,7.679370957255013,0.027190107278167376
50.0,33.75,6.26195216636495,0.5504752298598181
50.0,36.25,6.261950319215425,0.5504764153182784
50.0,38.75,6.261948780104923,0.5504774032387014
50.0,41.25,6.261947548968807,0.550478193555162
50.0,43.75,6.261946625649479,0.5504787863555624
50.0,46.25,6.261945163250133,0.5504803077641905
50.0,48.75,6.261945702032622,0.550479379641122
52.0,1.25,7.691266514889161,0.02739625313179257
52.0,3.75,7.691505330001731,0.02740044337180266
52.0,6.25,7.691502079876498,0.027400306478978273
52.0,8.75,7.691526403393555,0.02739651843011623
52.0,11.25,7.691595635213941,0.027389512541051986
52.0,13.75,7.691657170131951,0.027380080443244175
52.0,16.25,7.691710266090197,0.027370767076630827
52.0,18.75,7.6917776476500475,0.027364120436662226
52.0,21.25,7.691783206893847,0.02736008866602795
52.0,23.75,7.691737948134363,0.02735832719284232
52.0,26.25,7.691684361524078,0.02735782282231964
52.0,28.75,7.691298931606341,0.027354598826360394
52.0,31.25,7.680041863395039,0.027200677464652545
52.0,33.75,6.26195216636495,0.5504752298598181
52.0,36.25,6.261950319215425,0.5504764153182784
52.0,38.75,6.261948780104923,0.5504774032387014
52.0,41.25,6.261947548968807,0.550478193555162
52.0,43.75,6.261946625649479,0.5504787863555624
52.0,46.25,6.261945163250133,0.5504803077641905
52.0,48.75,6.261945702032622,0.550479379641122
54.0,1.25,7.691231196062592,0.027395932790981986
54.0,3.75,7.691450144954257,0.02739997157265554
54.0,6.25,7.691444874887153,0.02739980579422277
54.0,8.75,7.691468595843348,0.02739600125261185
54.0,11.25,7.69155244830644,0.027389076130973872
54.0,13.75,7.691622429816594,0.027379684385317377
54.0,16.25,7.6916835875271685,0.027370415006271444
54.0,18.75,7.691777635566963,0.027363935731698125
54.0,21.25,7.691791831381182,0.027359958436451847
54.0,23.75,7.691753383308075,0.02735824030053173
54.0,26.25,7.691703289213579,0.02735776771687762
54.0,28.75,7.691619215309136,0.02735715505809289
54.0,31.25,7.681347962977763,0.02721624159175541
54.0,33.75,6.26195216636495,0.5504752298598181
54.0,36.25,6.261950319215425,0.5504764153182784
54.0,38.75,6.261948780104923,0.5504774032387014
54.0,41.25,6.261947548968807,0.550478193555162
54.0,43.75,6.261946625649479,0.5504787863555624
54.0,46.25,6.261945163250133,0.5504803077641905
54.0,48.75,6.261945702032622,0.550479379641122
56.0,1.25,7.691181208795503,0.027395528265619994
56.0,3.75,7.691375299701817,0.027399376973640217
56.0,6.25,7.691367409158892,0.027399175078296766
56.0,8.75,7.691390454637661,0.027395352565235925
56.0,11.25,7.691492614161432,0.02738853206785392
56.0,13.75,7.691573177034314,0.027379195103629857
56.0,16.25,7.691644440247094,0.027369984395162576
56.0,18.75,7.691771840262316,0.027363716076742647
56.0,21.25,7.691796854629335,0.027359807203118744
56.0,23.75,7.691766928717312,0.027358142308310015
56.0,26.25,7.691721194029421,0.02735770117993547
56.0,28.75,7.691639845957745,0.027357669015469578
56.0,31.25,7.683879163628404,0.02724538221471485
56.0,33.75,6.26195216636495,0.5504752298598181
56.0,36.25,6.261950319215425,0.5504764153182784
56.0,38.75,6.261948780104923,0.5504774032387014
56.0,41.25,6.261947548968807,0.550478193555162
56.0,43.75,6.261946625649479,0.5504787863555624
56.0,46.25,6.261945163250133,0.5504803077641905
56.0,48.75,6.261945702032622,0.550479379641122
58.0,1.25,7.691112887375612,0.027395015188932892
58.0,3.75,7.691275878819613,0.027398625873939212
58.0,6.25,7.691264688186591,0.02739838042261658
58.0,8.75,7.691286903783369,0.02739453697434172
58.0,11.25,7.69141198030785,0.027387850853623465
58.0,13.75,7.691505798327769,0.027378587111097138
58.0,16.25,7.691589726276498,0.027369453820887103
58.0,18.75,7.691758831508535,0.02736345111829515
58.0,21.25,7.691797380875291,0.027359628591306084
58.0,23.75,7.691778119383927,0.027358030161604572
58.0,26.25,7.691737835400198,0.027357625692402375
58.0,28.75,7.691659987306857,0.02735775748283048
58.0,31.25,7.687434360276938,0.027293643869551902
58.0,33.75,6.26195216636495,0.5504752298598181
58.0,36.25,6.261950319215425,0.5504764153182784
58.0,38.75,6.261948780104923,0.5504774032387014
58.0,41.25,6.261947548968807,0.550478193555162
58.0,43.75,6.261946625649479,0.5504787863555624
58.0,46.25,6.261945163250133,0.5504803077641905
58.0,48.75,6.261945702032622,0.550479379641122
60.0,1.25,7.691021630814093,0.027394366881676256
60.0,3.75,7.691145722917755,0.027397680086938804
60.0,6.25,7.691130390998131,0.02739738092343053
60.0,8.75,7.6911515863977495,0.027393513829385343
60.0,11.25,7.691305343952828,0.027386998972144163
60.0,13.75,7.691415767398668,0.027377831346165088
60.0,16.25,7.691515565816694,0.02736879881273818
60.0,18.75,7.69173680872912,0.0273631300128638
60.0,21.25,7.691792289518617,0.027359415977679765
60.0,23.75,7.691786372001161,0.027357900584309567
60.0,26.25,7.691752906398456,0.027357540616532176
60.0,28.75,7.691679356979176,0.027357756522634218
60.0,31.25,7.687434360276938,0.027293643869551902
60.0,33.75,6.26195216636495,0.5504752298598181
60.0,36.25,6.261950319215425,0.5504764153182784
60.0,38.75,6.261948780104923,0.5504774032387014
60.0,41.25,6.261947548968807,0.550478193555162
60.0,43.75,6.261946625649479,0.5504787863555624
60.0,46.25,6.261945163250133,0.5504803077641905
60.0,48.75,6.261945702032622,0.550479379641122
62.0,1.25,7.690901690417508,0.027393550407128493
62.0,3.75,7.6909771412800065,0.02739649263377781
62.0,6.25,7.690956622279409,0.0273961271813102
62.0,8.75,7.690976567773362,0.02739223312054342
62.0,11.25,7.691166210175376,0.02738593502299467
62.0,13.75,7.691297440730041,0.027376892036054458
62.0,16.25,7.691417116959712,0.027367989159258494
62.0,18.75,7.691703530230662,0.027362738697155994
62.0,21.25,7.691780182251198,0.027359161174881
62.0,23.75,7.691790957561739,0.027357749416821026
62.0,26.25,7.691766021075963,0.027357444202416033
62.0,28.75,7.691697772332942,0.027357740386423766
62.0,31.25,7.687434360276938,0.027293643869551902
62.0,33.75,6.26195216636495,0.5504752298598181
62.0,36.25,6.261950319215425,0.5504764153182784
62.0,38.75,6.261948780104923,0.5504774032387014
62.0,41.25,6.261947548968807,0.550478193555162
62.0,43.75,6.261946625649479,0.5504787863555624
62.0,46.25,6.261945163250133,0.5504803077641905
62.0,48.75,6.261945702032622,0.550479379641122
64.0,1.25,7.6907458858111335,0.027392525091600624
64.0,3.75,7.690760539146144,0.027395005817488362
64.0,6.25,7.690733527513205,0.02739455845676141
64.0,8.75,7.690751952282632,0.027390633485212645
64.0,11.25,7.690986476672826,0.027384607951304096
64.0,13.75,7.691143772967136,0.027375724749552223
64.0,16.25,7.691288341257973,0.027366987422521843
64.0,18.75,7.691656192106115,0.02736226019246073
64.0,21.25,7.691759315320671,0.027358853746467366
64.0,23.75,7.691790960739384,0.027357571255377317
64.0,26.25,7.691776697427373,0.027357333837521744
64.0,28.75,7.691714989780879,0.02735773211617322
64.0,31.25,7.687434360276938,0.027293643869551902
64.0,33.75,6.26195216636495,0.5504752298598181
64.0,36.25,6.261950319215425,0.5504764153182784
64.0,38.75,6.261948780104923,0.5504774032387014
64.0,41.25,6.261947548968807,0.550478193555162
64.0,43.75,6.261946625649479,0.5504787863555624
64.0,46.25,6.261945163250133,0.5504803077641905
64.0,48.75,6.261945702032622,0.550479379641122
66.0,1.25,7.690545255200995,0.02739124115558625
66.0,3.75,7.690483956605435,0.027393149468264585
66.0,6.25,7.690448832424752,0.027392601009877594
66.0,8.75,7.69046542151672,0.02738864042369088
66.0,11.25,7.6907560425956305,0.027382955355948025
66.0,13.75,7.69094598040329,0.027374275131738648
66.0,16.25,7.691121710789931,0.02736574765801963
66.0,18.75,7.691591299630212,0.02736167301733484
66.0,21.25,7.691727511751809,0.02735848082238488
66.0,23.75,7.691785241748809,0.027357359596274843
66.0,26.25,7.691784333647572,0.02735720624791427
66.0,28.75,7.691730637609611,0.02735775290322066
66.0,31.25,7.687434360276938,0.027293643869551902
66.0,33.75,6.26195216636495,0.5504752298598181
66.0,36.25,6.261950319215425,0.5504764153182784
66.0,38.75,6.261948780104923,0.5504774032387014
66.0,41.25,6.261947548968807,0.550478193555162
66.0,43.75,6.261946625649479,0.5504787863555624
66.0,46.25,6.261945163250133,0.5504803077641905
66.0,48.75,6.261945702032622,0.550479379641122
68.0,1.25,7.690288624063682,0.02738963799180435
68.0,3.75,7.690161425101349,0.02739132089221065
68.0,6.25,7.69012556341398,0.02739083964034532
68.0,8.75,7.6901420954181345,0.02738688903421324
68.0,11.25,7.690462896826155,0.027380911614124235
68.0,13.75,7.690693122357114,0.027372476862195565
68.0,16.25,7.690907848565639,0.02736421365064491
68.0,18.75,7.691504491398413,0.027360950751883436
68.0,21.25,7.691682054951964,0.027358026458419737
68.0,23.75,7.691772379758963,0.027357106311435845
68.0,26.25,7.691788176838228,0.02735705727658857
68.0,28.75,7.691730637609611,0.02735775290322066
68.0,31.25,7.687434360276938,0.027293643869551902
68.0,33.75,6.26195216636495,0.5504752298598181
68.0,36.25,6.261950319215425,0.5504764153182784
68.0,38.75,6.261948780104923,0.5504774032387014
68.0,41.25,6.261947548968807,0.550478193555162
68.0,43.75,6.261946625649479,0.5504787863555624
68.0,46.25,6.261945163250133,0.5504803077641905
68.0,48.75,6.261945702032622,0.550479379641122
70.0,1.25,7.689973600751336,0.027387805665339677
70.0,3.75,7.689835789582361,0.02739003790166822
70.0,6.25,7.689800040463118,0.027389566882639556
70.0,8.75,7.689816838626867,0.027385616125097195
70.0,11.25,7.6901396342407216,0.02737925031112238
70.0,13.75,7.6903813551667595,0.02737042885351639
70.0,16.25,7.690635090291122,0.02736231714919055
70.0,18.75,7.691390328512325,0.0273600609402006
70.0,21.25,7.691619556505407,0.027357470858053467
70.0,23.75,7.691750602117662,0.027356801266143663
70.0,26.25,7.691787283108637,0.027356881680477896
70.0,28.75,7.691730637609611,0.02735775290322066
70.0,31.25,7.687434360276938,0.027293643869551902
70.0,33.75,6.26195216636495,0.5504752298598181
70.0,36.25,6.261950319215425,0.5504764153182784
70.0,38.75,6.261948780104923,0.5504774032387014
70.0,41.25,6.261947548968807,0.550478193555162
70.0,43.75,6.261946625649479,0.5504787863555624
70.0,46.25,6.261945163250133,0.5504803077641905
70.0,48.75,6.261945702032622,0.550479379641122
72.0,1.25,7.6896485470733955,0.02738645596851429
72.0,3.75,7.689510532198209,0.027388783951939808
72.0,6.25,7.689474924896182,0.027388317219636193
72.0,8.75,7.689492007059769,0.027384363119399034
72.0,11.25,7.689814899466821,0.0273779796576938
72.0,13.75,7.690057521827038,0.027369047391573413
72.0,16.25,7.690315204182022,0.02736046676855805
72.0,18.75,7.691242032404391,0.027358963479663545
72.0,21.25,7.69153579090306,0.02735678954013923
72.0,23.75,7.6917176974236465,0.02735643187506897
72.0,26.25,7.691780479181152,0.027356673109974784
72.0,28.75,7.691730637609611,0.02735775290322066
72.0,31.25,7.687434360276938,0.027293643869551902
72.0,33.75,6.26195216636495,0.5504752298598181
72.0,36.25,6.261950319215425,0.5504764153182784
72.0,38.75,6.261948780104923,0.5504774032387014
72.0,41.25,6.261947548968807,0.550478193555162
72.0,43.75,6.261946625649479,0.5504787863555624
72.0,46.25,6.261945163250133,0.5504803077641905
72.0,48.75,6.261945702032622,0.550479379641122
74.0,1.25,7.689323512686192,0.027385201269146474
74.0,3.75,7.6891856999327395,0.0273875497180609
74.0,6.25,7.689150234222229,0.02738708730362954
74.0,8.75,7.6891676003812455,0.027383129828383524
74.0,11.25,7.689490589778826,0.027376728853461155
74.0,13.75,7.6897334906554144,0.02736780788670841
74.0,16.25,7.689991356484128,0.02735926924204459
74.0,18.75,7.691051158678796,0.02735760944591401
74.0,21.25,7.6914254909638995,0.027355952341694648
74.0,23.75,7.691670907318193,0.027355982517866716
74.0,26.25,7.691766302936212,0.027356423617380117
74.0,28.75,7.691730637609611,0.02735775290322066
74.0,31.25,7.687434360276938,0.027293643869551902
74.0,33.75,6.26195216636495,0.5504752298598181
74.0,36.25,6.261950319215425,0.5504764153182784
74.0,38.75,6.261948780104923,0.5504774032387014
74.0,41.25,6.261947548968807,0.550478193555162
74.0,43.75,6.261946625649479,0.5504787863555624
74.0,46.25,6.261945163250133,0.5504803077641905
74.0,48.75,6.261945702032622,0.550479379641122
76.0,1.25,7.688998902753887,0.027383966158231222
76.0,3.75,7.6888612916425005,0.02738633512210755
76.0,6.25,7.688825967421598,0.027385877035426442
76.0,8.75,7.688843617447371,0.027381916175313756
76.0,11.25,7.689166704012162,0.027375497826770474
76.0,13.75,7.689409881265935,0.02736658860720849
76.0,16.25,7.689667842491083,0.027358109253343615
76.0,18.75,7.690807203911664,0.027355939003941836
76.0,21.25,7.691282094653925,0.027354922164499487
76.0,23.75,7.691606792521508,0.027355433860022278
76.0,26.25,7.691742931708012,0.02735612334431122
76.0,28.75,7.691730637609611,0.02735775290322066
76.0,31.25,7.687434360276938,0.027293643869551902
76.0,33.75,6.26195216636495,0.5504752298598181
76.0,36.25,6.261950319215425,0.5504764153182784
76.0,38.75,6.261948780104923,0.5504774032387014
76.0,41.25,6.261947548968807,0.550478193555162
76.0,43.75,6.261946625649479,0.5504787863555624
76.0,46.25,6.261945163250133,0.5504803077641905
76.0,48.75,6.261945702032622,0.550479379641122
78.0,1.25,7.6886747161389195,0.027382750557524052
78.0,3.75,7.688537306186755,0.027385140086882462
78.0,6.25,7.688502123355371,0.02738468633809422
78.0,8.75,7.6885200571174375,0.027380722084239594
78.0,11.25,7.688843240942411,0.02737428650042633
78.0,13.75,7.689086692448559,0.027365389492213
78.0,16.25,7.689344743274348,0.027356970571359208
78.0,18.75,7.69050210157877,0.02735397649304804
78.0,21.25,7.6910974312290135,0.02735365364401995
78.0,23.75,7.691521066060929,0.027354762019211207
78.0,26.25,7.691708094100576,0.027355760155492397
78.0,28.75,7.691730637609611,0.02735775290322066
78.0,31.25,7.687434360276938,0.027293643869551902
78.0,33.75,6.26195216636495,0.5504752298598181
78.0,36.25,6.261950319215425,0.5504764153182784
78.0,38.75,6.261948780104923,0.5504774032387014
78.0,41.25,6.261947548968807,0.550478193555162
78.0,43.75,6.261946625649479,0.5504787863555624
78.0,46.25,6.261945163250133,0.5504803077641905
78.0,48.75,6.261945702032622,0.550479379641122
80.0,1.25,7.688350951705049,0.027381554389447567
80.0,3.75,7.688213742430525,0.027383964535615694
80.0,6.25,7.688178700892106,0.027383515135082113
80.0,8.75,7.68819691825556,0.027379547479708534
80.0,11.25,7.688520199499536,0.02737309481823455
80.0,13.75,7.688763923023617,0.02736421047540998
80.0,16.25,7.689022057574688,0.027355853147392282
80.0,18.75,7.690179167706274,0.02735269469122795
80.0,21.25,7.6908613323203845,0.027352091534944254
80.0,23.75,7.691408386450715,0.027353937570474236
80.0,26.25,7.691658960566263,0.027355319069229677
80.0,28.75,7.691730637609611,0.02735775290322066
80.0,31.25,7.687434360276938,0.027293643869551902
80.0,33.75,6.26195216636495,0.5504752298598181
80.0,36.25,6.261950319215425,0.5504764153182784
80.0,38.75,6.261948780104923,0.5504774032387014
80.0,41.25,6.261947548968807,0.550478193555162
80.0,43.75,6.261946625649479,0.5504787863555624
80.0,46.25,6.261945163250133,0.5504803077641905
80.0,48.75,6.261945702032622,0.550479379641122
82.0,1.25,7.6880276083207475,0.02738037757682813
82.0,3.75,7.68789059924329,0.027382808392027266
82.0,6.25,7.687855698896882,0.02738236335107918
82.0,8.75,7.687874199731038,0.02737839228668861
82.0,11.25,7.688197578689464,0.02737192267136613
82.0,13.75,7.688441571803773,0.027363051493292233
82.0,16.25,7.688699784111556,0.02735475693773994
82.0,18.75,7.6898555402169855,0.027351654747239242
82.0,21.25,7.690563150492685,0.027350208947452118
82.0,23.75,7.691262101610807,0.027352924433518937
82.0,26.25,7.691592008127088,0.027354781812261468
82.0,28.75,7.691730637609611,0.02735775290322066
82.0,31.25,7.687434360276938,0.027293643869551902
82.0,33.75,6.26195216636495,0.5504752298598181
82.0,36.25,6.261950319215425,0.5504764153182784
82.0,38.75,6.261948780104923,0.5504774032387014
82.0,41.25,6.261947548968807,0.550478193555162
82.0,43.75,6.261946625649479,0.5504787863555624
82.0,46.25,6.261945163250133,0.5504803077641905
82.0,48.75,6.261945702032622,0.550479379641122
84.0,1.25,7.687704684859027,0.027379220043071927
84.0,3.75,7.687567875499946,0.027381671580205744
84.0,6.25,7.6875331162467555,0.02738123091035413
84.0,8.75,7.687551900418281,0.027377256430565194
84.0,11.25,7.68787537715333,0.027370770019520266
84.0,13.75,7.688119637609744,0.02736191248265251
84.0,16.25,7.688377921608046,0.027353681899601464
84.0,18.75,7.689532317689342,0.027350637981816077
84.0,21.25,7.690240624340573,0.027348953640483672
84.0,23.75,7.691073932068001,0.02735167851804284
84.0,26.25,7.691502853614412,0.02735412624673293
84.0,28.75,7.691730637609611,0.02735775290322066
84.0,31.25,7.687434360276938,0.027293643869551902
84.0,33.75,6.26195216636495,0.5504752298598181
84.0,36.25,6.261950319215425,0.5504764153182784
84.0,38.75,6.261948780104923,0.5504774032387014
84.0,41.25,6.261947548968807,0.550478193555162
84.0,43.75,6.261946625649479,0.5504787863555624
84.0,46.25,6.261945163250133,0.5504803077641905
84.0,48.75,6.261945702032622,0.550479379641122
86.0,1.25,7.687382180199252,0.0273780817116877
86.0,3.75,7.687245570080189,0.027380554024732676
86.0,6.25,7.687210951821936,0.027380117737934896
86.0,8.75,7.687230019195973,0.027376139837290158
86.0,11.25,7.68755359382408,0.02736963678158019
86.0,13.75,7.687798119261954,0.027360793381396464
86.0,16.25,7.688056468787891,0.02735262799131243
86.0,18.75,7.689209498726248,0.027349644382552735
86.0,21.25,7.689916798515331,0.027348062851648553
86.0,23.75,7.690833579297572,0.027350146282019566
86.0,26.25,7.691386048728422,0.02735332599138329
86.0,28.75,7.691730637609611,0.02735775290322066
86.0,31.25,7.687434360276938,0.027293643869551902
86.0,33.75,6.26195216636495,0.5504752298598181
86.0,36.25,6.261950319215425,0.5504764153182784
86.0,38.75,6.261948780104923,0.5504774032387014
86.0,41.25,6.261947548968807,0.550478193555162
86.0,43.75,6.261946625649479,0.5504787863555624
86.0,46.25,6.261945163250133,0.5504803077641905
86.0,48.75,6.261945702032622,0.550479379641122
88.0,1.25,7.687060093228132,0.027376962506685042
88.0,3.75,7.686923681868923,0.027379455650525932
88.0,6.25,7.68688920450793,0.027379023759205753
88.0,8.75,7.686908554948442,0.027375042433115622
88.0,11.25,7.687232227570346,0.027368522886616356
88.0,13.75,7.687477015586129,0.027359694127860594
88.0,16.25,7.687735424383191,0.02735159517101283
88.0,18.75,7.68888708190833,0.027348673935691417
88.0,21.25,7.689593367246737,0.02734719720660966
88.0,23.75,7.690531654956044,0.02734833342526088
88.0,26.25,7.6912348306692815,0.027352350641816316
88.0,28.75,7.691730637609611,0.02735775290322066
88.0,31.25,7.687434360276938,0.027293643869551902
88.0,33.75,6.26195216636495,0.5504752298598181
88.0,36.25,6.261950319215425,0.5504764153182784
88.0,38.75,6.261948780104923,0.5504774032387014
88.0,41.25,6.261947548968807,0.550478193555162
88.0,43.75,6.261946625649479,0.5504787863555624
88.0,46.25,6.261945163250133,0.5504803077641905
88.0,48.75,6.261945702032622,0.550479379641122
90.0,1.25,7.686738422829556,0.027375862353030675
90.0,3.75,7.686602209756529,0.02737837638292656
90.0,6.25,7.686567873194566,0.027377948900103057
90.0,8.75,7.686587506564723,0.027373964144802716
90.0,11.25,7.686911277268317,0.027367428263983633
90.0,13.75,7.687156325422407,0.02735861465899611
90.0,16.25,7.6874147871121385,0.0273505834013754
90.0,18.75,7.688565065817252,0.027347726629366104
90.0,21.25,7.6892703292134374,0.02734635667879146
90.0,23.75,7.690208793947114,0.02734725735507241
90.0,26.25,7.691040823651747,0.027351167988296062
90.0,28.75,7.691730637609611,0.02735775290322066
90.0,31.25,7.687434360276938,0.027293643869551902
90.0,33.75,6.26195216636495,0.5504752298598181
90.0,36.25,6.261950319215425,0.5504764153182784
90.0,38.75,6.261948780104923,0.5504774032387014
90.0,41.25,6.261947548968807,0.550478193555162
90.0,43.75,6.261946625649479,0.5504787863555624
90.0,46.25,6.261945163250133,0.5504803077641905
90.0,48.75,6.261945702032622,0.550479379641122
92.0,1.25,7.6864171678981394,0.027374781175509663
92.0,3.75,7.6862811526368215,0.0273773161478549
92.0,6.25,7.6862469567776035,0.027376893086814715
92.0,8.75,7.686266872938006,0.0273729048996199
92.0,11.25,7.686590741794077,0.027366352844009314
92.0,13.75,7.686836047573669,0.027357554920736587
92.0,16.25,7.687094555709378,0.027349592642814693
92.0,18.75,7.688243449023223,0.027346802452106293
92.0,21.25,7.68894768289436,0.027345541278684722
92.0,23.75,7.689884865526479,0.027346502134360986
92.0,26.25,7.690793703562437,0.027349754111460827
92.0,28.75,7.691730637609611,0.02735775290322066
92.0,31.25,7.687434360276938,0.027293643869551902
92.0,33.75,6.26195216636495,0.5504752298598181
92.0,36.25,6.261950319215425,0.5504764153182784
92.0,38.75,6.261948780104923,0.5504774032387014
92.0,41.25,6.261947548968807,0.550478193555162
92.0,43.75,6.261946625649479,0.5504787863555624
92.0,46.25,6.261945163250133,0.5504803077641905
92.0,48.75,6.261945702032622,0.550479379641122
94.0,1.25,7.686096327333361,0.027373718899362662
94.0,3.75,7.685960509410225,0.02737627487145009
94.0,6.25,7.68592645415678,0.027375856246125357
94.0,8.75,7.685946652967738,0.02737186462514027
94.0,11.25,7.6862706200312365,0.02736529655715974
94.0,13.75,7.686516180908203,0.027356514847257412
94.0,16.25,7.686774728909001,0.027348622857675753
94.0,18.75,7.687922230106636,0.027345901395626745
94.0,21.25,7.688625426767362,0.027344751018617424
94.0,23.75,7.689561327408657,0.027345773480791286
94.0,26.25,7.690793703562437,0.027349754111460827
94.0,28.75,7.691730637609611,0.02735775290322066
94.0,31.25,7.687434360276938,0.027293643869551902
94.0,33.75,6.26195216636495,0.5504752298598181
94.0,36.25,6.261950319215425,0.5504764153182784
94.0,38.75,6.261948780104923,0.5504774032387014
94.0,41.25,6.261947548968807,0.550478193555162
94.0,43.75,6.261946625649479,0.5504787863555624
94.0,46.25,6.261945163250133,0.5504803077641905
94.0,48.75,6.261945702032622,0.550479379641122
96.0,1.25,7.685775900037715,0.027372675450449326
96.0,3.75,7.685640278980797,0.027375252480392156
96.0,6.25,7.685606364236888,0.027374838305134853
96.0,8.75,7.685626845556527,0.027370843249473614
96.0,11.25,7.685950910867125,0.027364259334488158
96.0,13.75,7.686196724256935,0.02735549438169295
96.0,16.25,7.686455305443254,0.02734767400974985
96.0,18.75,7.68760140764876,0.027345023451986798
96.0,21.25,7.6883035593105395,0.027343985912410617
96.0,23.75,7.689238178363553,0.027345071422022128
96.0,26.25,7.690793703562437,0.027349754111460827
96.0,28.75,7.691730637609611,0.02735775290322066
96.0,31.25,7.687434360276938,0.027293643869551902
96.0,33.75,6.26195216636495,0.5504752298598181
96.0,36.25,6.261950319215425,0.5504764153182784
96.0,38.75,6.261948780104923,0.5504774032387014
96.0,41.25,6.261947548968807,0.550478193555162
96.0,43.75,6.261946625649479,0.5504787863555624
96.0,46.25,6.261945163250133,0.5504803077641905
96.0,48.75,6.261945702032622,0.550479379641122
98.0,1.25,7.6854558849203585,0.027371650754899897
98.0,3.75,7.685320460258104,0.027374248901736325
98.0,6.25,7.685286685927967,0.02737383919141335
98.0,8.75,7.6853074496122895,0.02736984070116996
98.0,11.25,7.68563161319481,0.027363241107501882
98.0,13.75,7.685877676462231,0.027354493465982475
98.0,16.25,7.686136284047142,0.02734674606375775
98.0,18.75,7.687280980253244,0.027344168608382503
98.0,21.25,7.687982078998912,0.027343245976365074
98.0,23.75,7.688915417170403,0.0273443959938909
98.0,26.25,7.690793703562437,0.027349754111460827
98.0,28.75,7.691730637609611,0.02735775290322066
98.0,31.25,7.687434360276938,0.027293643869551902
98.0,33.75,6.26195216636495,0.5504752298598181
98.0,36.25,6.261950319215425,0.5504764153182784
98.0,38.75,6.261948780104923,0.5504774032387014
98.0,41.25,6.261947548968807,0.550478193555162
98.0,43.75,6.261946625649479,0.5504787863555624
98.0,46.25,6.261945163250133,0.5504803077641905
98.0,48.75,6.261945702032622,0.550479379641122
100.0,1.25,7.685136280894539,0.02737064473922504
100.0,3.75,7.685001052156412,0.027373264062901734
100.0,6.25,7.684967418143855,0.027372858832983023
100.0,8.75,7.68498846404847,0.027368856909139424
100.0,11.25,7.685312725482552,0.027362241829135853
100.0,13.75,7.685559036372651,0.02735351204242712
100.0,16.25,7.685817663458098,0.02734583898547788
100.0,18.75,7.686960946338748,0.027343336886619912
100.0,21.25,7.687660984312287,0.0273425312272276
100.0,23.75,7.688593042652171,0.02734374723687012
100.0,26.25,7.690793703562437,0.027349754111460827
100.0,28.75,7.691730637609611,0.02735775290322066
100.0,31.25,7.687434360276938,0.027293643869551902
100.0,33.75,6.26195216636495,0.5504752298598181
100.0,36.25,6.261950319215425,0.5504764153182784
100.0,38.75,6.261948780104923,0.5504774032387014
100.0,41.25,6.261947548968807,0.550478193555162
100.0,43.75,6.261946625649479,0.5504787863555624
100.0,46.25,6.261945163250133,0.5504803077641905
100.0,48.75,6.261945702032622,0.550479379641122
102.0,1.25,7.684817086878032,0.02736965733048122
102.0,3.75,7.684682053594604,0.027372297891794697
102.0,6.25,7.684648559804817,0.027371897158068256
102.0,8.75,7.684669887781916,0.027367891802782242
102.0,11.25,7.684994247713736,0.027361261369749056
102.0,13.75,7.685240802792283,0.02735255007105314
102.0,16.25,7.685499442414782,0.027344952741856436
102.0,18.75,7.686641304756036,0.027342528246401102
102.0,21.25,7.687340273724047,0.027341841684910155
102.0,23.75,7.688271053683479,0.02734312519681001
102.0,26.25,7.690793703562437,0.027349754111460827
102.0,28.75,7.691730637609611,0.02735775290322066
102.0,31.25,7.687434360276938,0.027293643869551902
102.0,33.75,6.26195216636495,0.5504752298598181
102.0,36.25,6.261950319215425,0.5504764153182784
102.0,38.75,6.261948780104923,0.5504774032387014
102.0,41.25,6.261947548968807,0.550478193555162
102.0,43.75,6.261946625649479,0.5504787863555624
102.0,46.25,6.261945163250133,0.5504803077641905
102.0,48.75,6.261945702032622,0.550479379641122
104.0,1.25,7.684498301794014,0.027368688455959956
104.0,3.75,7.684363463496666,0.02737135031664602
104.0,6.25,7.684330109833925,0.027370954095606477
104.0,8.75,7.684351719734805,0.027366945311954823
104.0,11.25,7.684676177908389,0.0273602997244166
104.0,13.75,7.684922974733198,0.027351607445334745
104.0,16.25,7.685181619655829,0.027344087301017644
104.0,18.75,7.686322053884832,0.027341742711008473
104.0,21.25,7.68701994571098,0.027341177369732104
104.0,23.75,7.687949449199517,0.027342529925937716
104.0,26.25,7.690793703562437,0.027349754111460827
104.0,28.75,7.691730637609611,0.02735775290322066
104.0,31.25,7.687434360276938,0.027293643869551902
104.0,33.75,6.26195216636495,0.5504752298598181
104.0,36.25,6.261950319215425,0.5504764153182784
104.0,38.75,6.261948780104923,0.5504774032387014
104.0,41.25,6.261947548968807,0.550478193555162
104.0,43.75,6.261946625649479,0.5504787863555624
104.0,46.25,6.261945163250133,0.5504803077641905
104.0,48.75,6.261945702032622,0.550479379641122
106.0,1.25,7.68417992457042,0.02736773804349489
106.0,3.75,7.684045280790892,0.02737042126619312
106.0,6.25,7.684012067160406,0.027370029574807858
106.0,8.75,7.684033958833572,0.027366017366864986
106.0,11.25,7.684358515205247,0.02735935680609985
106.0,13.75,7.684605550879844,0.027350684160222676
106.0,16.25,7.684864193922344,0.027343242632194002
106.0,18.75,7.686003192348669,0.027340980274119683
106.0,21.25,7.686699998753351,0.027340538304752377
106.0,23.75,7.687628228207343,0.027341961484150308
106.0,26.25,7.690793703562437,0.027349754111460827
106.0,28.75,7.691730637609611,0.02735775290322066
106.0,31.25,7.687434360276938,0.027293643869551902
106.0,33.75,6.26195216636495,0.5504752298598181
106.0,36.25,6.261950319215425,0.5504764153182784
106.0,38.75,6.261948780104923,0.5504774032387014
106.0,41.25,6.261947548968807,0.550478193555162
106.0,43.75,6.261946625649479,0.5504787863555624
106.0,46.25,6.261945163250133,0.5504803077641905
106.0,48.75,6.261945702032622,0.550479379641122
108.0,1.25,7.683861954138556,0.02736680602119218
108.0,3.75,7.6837275044107844,0.02736951066944004
108.0,6.25,7.683694430717534,0.027369123525206436
108.0,8.75,7.683716604009878,0.027365107898169354
108.0,11.25,7.684041258517085,0.027358432548926177
108.0,13.75,7.684288530157624,0.027349780144093654
108.0,16.25,7.684547163956786,0.027342418705724316
108.0,18.75,7.6856847187183766,0.027340240938440202
108.0,21.25,7.686380431320107,0.0273399245144271
108.0,23.75,7.687307389799104,0.027341419940752835
108.0,26.25,7.690793703562437,0.027349754111460827
108.0,28.75,7.691730637609611,0.02735775290322066
108.0,31.25,7.687434360276938,0.027293643869551902
108.0,33.75,6.26195216636495,0.5504752298598181
108.0,36.25,6.261950319215425,0.5504764153182784
108.0,38.75,6.261948780104923,0.5504774032387014
108.0,41.25,6.261947548968807,0.550478193555162
108.0,43.75,6.261946625649479,0.5504787863555624
108.0,46.25,6.261945163250133,0.5504803077641905
108.0,48.75,6.261945702032622,0.550479379641122
110.0,1.25,7.683544389436253,0.027365892317609074
110.0,3.75,7.683410133297163,0.027368618455657998
110.0,6.25,7.6833771994432265,0.027368235876860023
110.0,8.75,7.683399654199128,0.027364216837011405
110.0,11.25,7.683724406762129,0.027357526887363585
110.0,13.75,7.683971911429063,0.027348895343080024
110.0,16.25,7.684230528500516,0.027341615493298152
110.0,18.75,7.685366631565546,0.027339524707682132
110.0,21.25,7.686061241887937,0.0273393360250644
110.0,23.75,7.686986933169959,0.027340905376751132
110.0,26.25,7.690793703562437,0.027349754111460827
110.0,28.75,7.691730637609611,0.02735775290322066
110.0,31.25,7.687434360276938,0.027293643869551902
110.0,33.75,6.26195216636495,0.5504752298598181
110.0,36.25,6.261950319215425,0.5504764153182784
110.0,38.75,6.261948780104923,0.5504774032387014
110.0,41.25,6.261947548968807,0.550478193555162
110.0,43.75,6.261946625649479,0.5504787863555624
110.0,46.25,6.261945163250133,0.5504803077641905
110.0,48.75,6.261945702032622,0.550479379641122
112.0,1.25,7.68322722940562,0.027364996861576212
112.0,3.75,7.683093166388716,0.02736774455513796
112.0,6.25,7.6830603722803,0.027367366560193607
112.0,8.75,7.6830831083417825,0.027363344114923246
112.0,11.25,7.683407958862312,0.027356639756453808
112.0,13.75,7.683655693569718,0.027348029702063646
112.0,16.25,7.683914286297192,0.02734083296767442
112.0,18.75,7.685048929459878,0.027338831587364883
112.0,21.25,7.685742428930856,0.027338772864824286
112.0,23.75,7.686666857368907,0.027340417917355128
112.0,26.25,7.690793703562437,0.027349754111460827
112.0,28.75,7.691730637609611,0.02735775290322066
112.0,31.25,7.687434360276938,0.027293643869551902
112.0,33.75,6.26195216636495,0.5504752298598181
112.0,36.25,6.261950319215425,0.5504764153182784
112.0,38.75,6.261948780104923,0.5504774032387014
112.0,41.25,6.261947548968807,0.550478193555162
112.0,43.75,6.261946625649479,0.5504787863555624
112.0,46.25,6.261945163250133,0.5504803077641905
112.0,48.75,6.261945702032622,0.550479379641122
114.0,1.25,7.682910472992194,0.027364119582608988
114.0,3.75,7.682776602632797,0.027366888898035572
114.0,6.25,7.682743948175726,0.02736651550601291
114.0,8.75,7.682766965382114,0.027362489663844587
114.0,11.25,7.683091913743315,0.027355771091806664
114.0,13.75,7.683339875435296,0.02734718317185435
114.0,16.25,7.683598436092213,0.02734007110273419
114.0,18.75,7.68473161096887,0.027338161584857103
114.0,21.25,7.6854239909242965,0.027338235063231957
114.0,23.75,7.686347162600791,0.02733995758975929
114.0,26.25,7.690793703562437,0.027349754111460827
114.0,28.75,7.691730637609611,0.02735775290322066
114.0,31.25,7.687434360276938,0.027293643869551902
114.0,33.75,6.26195216636495,0.5504752298598181
114.0,36.25,6.261950319215425,0.5504764153182784
114.0,38.75,6.261948780104923,0.5504774032387014
114.0,41.25,6.261947548968807,0.550478193555162
114.0,43.75,6.261946625649479,0.5504787863555624
114.0,46.25,6.261945163250133,0.5504803077641905
114.0,48.75,6.261945702032622,0.550479379641122
116.0,1.25,7.6825941191487015,0.02736326041015499
116.0,3.75,7.6824604409819495,0.02736605141484933
116.0,6.25,7.682427926081916,0.02736568264554063
116.0,8.75,7.682451224270321,0.02736165341609512
116.0,11.25,7.6827762703375635,0.02735492082918192
116.0,13.75,7.683024455906468,0.02734635569893504
116.0,16.25,7.6832829766297355,0.02733932987375001
116.0,18.75,7.68441467465969,0.0273375147090035
116.0,21.25,7.685105926340394,0.02733772265228084
116.0,23.75,7.686027847877922,0.02733952462265438
116.0,26.25,7.690793703562437,0.027349754111460827
116.0,28.75,7.691730637609611,0.02735775290322066
116.0,31.25,7.687434360276938,0.027293643869551902
116.0,33.75,6.26195216636495,0.5504752298598181
116.0,36.25,6.261950319215425,0.5504764153182784
116.0,38.75,6.261948780104923,0.5504774032387014
116.0,41.25,6.261947548968807,0.550478193555162
116.0,43.75,6.261946625649479,0.5504787863555624
116.0,46.25,6.261945163250133,0.5504803077641905
116.0,48.75,6.261945702032622,0.550479379641122
118.0,1.25,7.682278166829259,0.02736241927446419
118.0,3.75,7.682144680392593,0.027365232036686775
118.0,6.25,7.6821123049539475,0.027364867910453686
118.0,8.75,7.682135883959318,0.02736083530448467
118.0,11.25,7.6824610275755525,0.027354088905534497
118.0,13.75,7.682709433859662,0.02734554723217178
118.0,16.25,7.6829679066549295,0.027338609257145433
118.0,18.75,7.6840981190951805,0.02733689097081633
118.0,21.25,7.684788233654228,0.027337235665581945
118.0,23.75,7.685708913288192,0.027339119161929278
118.0,26.25,7.690793703562437,0.027349754111460827
118.0,28.75,7.691730637609611,0.02735775290322066
118.0,31.25,7.687434360276938,0.027293643869551902
118.0,33.75,6.26195216636495,0.5504752298598181
118.0,36.25,6.261950319215425,0.5504764153182784
118.0,38.75,6.261948780104923,0.5504774032387014
118.0,41.25,6.261947548968807,0.550478193555162
118.0,43.75,6.261946625649479,0.5504787863555624
118.0,46.25,6.261945163250133,0.5504803077641905
118.0,48.75,6.261945702032622,0.550479379641122
120.0,1.25,7.681962614994969,0.027361596105868906
120.0,3.75,7.6818293198253,0.02736443069495704
120.0,6.25,7.681797083753321,0.02736407123276238
120.0,8.75,7.681820943407179,0.027360035262215632
120.0,11.25,7.682146184410536,0.027353275259934265
120.0,13.75,7.682394808174351,0.027344757721159883
120.0,16.25,7.682653224914255,0.027337909230574057
120.0,18.75,7.6837819428394,0.027336290382639628
120.0,21.25,7.684470911330107,0.027336774139092815
120.0,23.75,7.685390359028039,0.027338741430869923
120.0,26.25,7.690793703562437,0.027349754111460827
120.0,28.75,7.691730637609611,0.02735775290322066
120.0,31.25,7.687434360276938,0.027293643869551902
120.0,33.75,6.26195216636495,0.5504752298598181
120.0,36.25,6.261950319215425,0.5504764153182784
120.0,38.75,6.261948780104923,0.5504774032387014
120.0,41.25,6.261947548968807,0.550478193555162
120.0,43.75,6.261946625649479,0.5504787863555624
120.0,46.25,6.261945163250133,0.5504803077641905
120.0,48.75,6.261945702032622,0.550479379641122
122.0,1.25,7.681647462609808,0.027360790835316364
122.0,3.75,7.6815143582454,0.027363647321498714
122.0,6.25,7.681482261445743,0.027363292544773564
122.0,8.75,7.681506401576283,0.027359253222913524
122.0,11.25,7.681831739760207,0.027352479823031444
122.0,13.75,7.682080577732567,0.027343987116241246
122.0,16.25,7.682338930153777,0.027337229772982016
122.0,18.75,7.683466144452072,0.027335712958921843
122.0,21.25,7.684153957847604,0.027336338109594047
122.0,23.75,7.685072185678666,0.02733839172117237
122.0,26.25,7.690793703562437,0.027349754111460827
122.0,28.75,7.691730637609611,0.02735775290322066
122.0,31.25,7.687434360276938,0.027293643869551902
122.0,33.75,6.26195216636495,0.5504752298598181
122.0,36.25,6.261950319215425,0.5504764153182784
122.0,38.75,6.261948780104923,0.5504774032387014
122.0,41.25,6.261947548968807,0.550478193555162
122.0,43.75,6.261946625649479,0.5504787863555624
122.0,46.25,6.261945163250133,0.5504803077641905
122.0,48.75,6.261945702032622,0.550479379641122
124.0,1.25,7.681332708643997,0.02736000339383148
124.0,3.75,7.681199794622638,0.027362881848521835
124.0,6.25,7.6811678369998235,0.027362531779448925
124.0,8.75,7.681192257432974,0.02735848912068861
124.0,11.25,7.681517692581618,0.02735170253976862
124.0,13.75,7.681766741419051,0.027343235368556127
124.0,16.25,7.682025021120108,0.027336570864594248
124.0,18.75,7.683150722491076,0.027335158715912
124.0,21.25,7.6838373716797195,0.027335927616262405
124.0,23.75,7.68475439432128,0.02733807042512664
124.0,26.25,7.690793703562437,0.027349754111460827
124.0,28.75,7.691730637609611,0.02735775290322066
124.0,31.25,7.687434360276938,0.027293643869551902
124.0,33.75,6.26195216636495,0.5504752298598181
124.0,36.25,6.261950319215425,0.5504764153182784
124.0,38.75,6.261948780104923,0.5504774032387014
124.0,41.25,6.261947548968807,0.550478193555162
124.0,43.75,6.261946625649479,0.5504787863555624
124.0,46.25,6.261945163250133,0.5504803077641905
124.0,48.75,6.261945702032622,0.550479379641122
126.0,1.25,7.681018352070837,0.02735923371306598
126.0,3.75,7.680885627932,0.027362134208536983
126.0,6.25,7.680853809390188,0.027361788869867166
126.0,8.75,7.680878509948672,0.02735774288989682
126.0,11.25,7.681204041825113,0.027350943346419375
126.0,13.75,7.681453298122056,0.027342502429795697
126.0,16.25,7.681711496559083,0.027335932487007226
126.0,18.75,7.682835675511552,0.027334627671775
126.0,21.25,7.683521151290619,0.027335542701423104
126.0,23.75,7.684436986697178,0.0273377780884354
126.0,26.25,7.690793703562437,0.027349754111460827
126.0,28.75,7.691730637609611,0.02735775290322066
126.0,31.25,7.687434360276938,0.027293643869551902
126.0,33.75,6.26195216636495,0.5504752298598181
126.0,36.25,6.261950319215425,0.5504764153182784
126.0,38.75,6.261948780104923,0.5504774032387014
126.0,41.25,6.261947548968807,0.550478193555162
126.0,43.75,6.261946625649479,0.5504787863555624
126.0,46.25,6.261945163250133,0.5504803077641905
126.0,48.75,6.261945702032622,0.550479379641122
128.0,1.25,7.680704391868656,0.02735848172495348
128.0,3.75,7.6805718571509365,0.027361404334552492
128.0,6.25,7.68054017759545,0.027361063749645167
128.0,8.75,7.680565158098711,0.027357014465366057
128.0,11.25,7.680890786445396,0.02735020218193221
128.0,13.75,7.68114024673182,0.027341788252635633
128.0,16.25,7.681398355219211,0.02733531462285135
128.0,18.75,7.682521002067051,0.027334119846359483
128.0,21.25,7.683205295159403,0.02733518340661572
128.0,23.75,7.6841199654332994,0.0273375155003549
128.0,26.25,7.690793703562437,0.027349754111460827
128.0,28.75,7.691730637609611,0.02735775290322066
128.0,31.25,7.687434360276938,0.027293643869551902
128.0,33.75,6.26195216636495,0.5504752298598181
128.0,36.25,6.261950319215425,0.5504764153182784
128.0,38.75,6.261948780104923,0.5504774032387014
128.0,41.25,6.261947548968807,0.550478193555162
128.0,43.75,6.261946625649479,0.5504787863555624
128.0,46.25,6.261945163250133,0.5504803077641905
128.0,48.75,6.261945702032622,0.550479379641122
130.0,1.25,7.680390827020044,0.02735774736180517
130.0,3.75,7.680258481263632,0.027360692159849206
130.0,6.25,7.680226940597794,0.02736035635280783
130.0,8.75,7.680252200861752,0.027356303782479517
130.0,11.25,7.680577925325917,0.027349478987782748
130.0,13.75,7.680827586139209,0.02734109279055291
130.0,16.25,7.681085595843789,0.02733471725657481
130.0,18.75,7.682206700707504,0.02733363526156387
130.0,21.25,7.682889801758635,0.027334849777092204
130.0,23.75,7.6838033343597605,0.027337283856728248
130.0,26.25,7.690793703562437,0.027349754111460827
130.0,28.75,7.691730637609611,0.02735775290322066
130.0,31.25,7.687434360276938,0.027293643869551902
130.0,33.75,6.26195216636495,0.5504752298598181
130.0,36.25,6.261950319215425,0.5504764153182784
130.0,38.75,6.261948780104923,0.5504774032387014
130.0,41.25,6.261947548968807,0.550478193555162
130.0,43.75,6.261946625649479,0.5504787863555624
130.0,46.25,6.261945163250133,0.5504803077641905
130.0,48.75,6.261945702032622,0.550479379641122
132.0,1.25,7.68007765651218,0.027357030556226947
132.0,3.75,7.679945499257096,0.027359997618170304
132.0,6.25,7.679914097385372,0.027359666613608672
132.0,8.75,7.679939637222119,0.02735561077685127
132.0,11.25,7.680265457612201,0.027348773698247415
132.0,13.75,7.680515315244725,0.027340415997290195
132.0,16.25,7.680773217180554,0.027334140373611173
132.0,18.75,7.681892769979704,0.027333173941368704
132.0,21.25,7.682574669550558,0.027334541861168824
132.0,23.75,7.683487098955429,0.027337085074705694
132.0,26.25,7.690793703562437,0.027349754111460827
132.0,28.75,7.691730637609611,0.02735775290322066
132.0,31.25,7.687434360276938,0.027293643869551902
132.0,33.75,6.26195216636495,0.5504752298598181
132.0,36.25,6.261950319215425,0.5504764153182784
132.0,38.75,6.261948780104923,0.5504774032387014
132.0,41.25,6.261947548968807,0.550478193555162
132.0,43.75,6.261946625649479,0.5504787863555624
132.0,46.25,6.261945163250133,0.5504803077641905
132.0,48.75,6.261945702032622,0.550479379641122
134.0,1.25,7.679764879336854,0.027356331241282852
134.0,3.75,7.679632910123021,0.02735932064361042
134.0,6.25,7.679601646948683,0.027358994466855302
134.0,8.75,7.67962746616719,0.027354935384597573
134.0,11.25,7.679953382124154,0.027348086259566504
134.0,13.75,7.68020343296285,0.027339757821832688
134.0,16.25,7.680461217975555,0.02733358396082952
134.0,18.75,7.681579208427546,0.02733273591149866
134.0,21.25,7.682259897025772,0.027334259706232954
134.0,23.75,7.683171266918742,0.027336922455220628
134.0,26.25,7.690793703562437,0.027349754111460827
134.0,28.75,7.691730637609611,0.02735775290322066
134.0,31.25,7.687434360276938,0.027293643869551902
134.0,33.75,6.26195216636495,0.5504752298598181
134.0,36.25,6.261950319215425,0.5504764153182784
134.0,38.75,6.261948780104923,0.5504774032387014
134.0,41.25,6.261947548968807,0.550478193555162
134.0,43.75,6.261946625649479,0.5504787863555624
134.0,46.25,6.261945163250133,0.5504803077641905
134.0,48.75,6.261945702032622,0.550479379641122
136.0,1.25,7.679452494489555,0.027355649350305326
136.0,3.75,7.6793207128577565,0.027358661170545997
136.0,6.25,7.67928958828382,0.02735833984762525
136.0,8.75,7.679315686689548,0.027354277542189658
136.0,11.25,7.679641697866426,0.027347416610724127
136.0,13.75,7.679891938123641,0.02733911823897066
136.0,16.25,7.680149596974601,0.027333048006223992
136.0,18.75,7.68126601459477,0.02733232119963669
136.0,21.25,7.681945482640281,0.027334003364780313
136.0,23.75,7.682855848678447,0.027336802241113085
136.0,26.25,7.690793703562437,0.027349754111460827
136.0,28.75,7.691730637609611,0.02735775290322066
136.0,31.25,7.687434360276938,0.027293643869551902
136.0,33.75,6.26195216636495,0.5504752298598181
136.0,36.25,6.261950319215425,0.5504764153182784
136.0,38.75,6.261948780104923,0.5504774032387014
136.0,41.25,6.261947548968807,0.550478193555162
136.0,43.75,6.261946625649479,0.5504787863555624
136.0,46.25,6.261945163250133,0.5504803077641905
136.0,48.75,6.261945702032622,0.550479379641122
138.0,1.25,7.679140500969935,0.02735498481708474
138.0,3.75,7.67900890646366,0.027358019133670062
138.0,6.25,7.67897792039072,0.02735770269139763
138.0,8.75,7.6790042977842585,0.027353637186577306
138.0,11.25,7.679330403812163,0.027346764693431648
138.0,13.75,7.679580829319116,0.027338497220473747
138.0,16.25,7.679838352915662,0.02733253250065223
138.0,18.75,7.680953187014802,0.027331929835680054
138.0,21.25,7.6816314248756195,0.027333772889257757
138.0,23.75,7.682540856495823,0.027336737903725913
138.0,26.25,7.690793703562437,0.027349754111460827
138.0,28.75,7.691730637609611,0.02735775290322066
138.0,31.25,7.687434360276938,0.027293643869551902
138.0,33.75,6.26195216636495,0.5504752298598181
138.0,36.25,6.261950319215425,0.5504764153182784
138.0,38.75,6.261948780104923,0.5504774032387014
138.0,41.25,6.261947548968807,0.550478193555162
138.0,43.75,6.261946625649479,0.5504787863555624
138.0,46.25,6.261945163250133,0.5504803077641905
138.0,48.75,6.261945702032622,0.550479379641122
140.0,1.25,7.678828897782629,0.027354337575688784
140.0,3.75,7.678697489940143,0.027357394468659802
140.0,6.25,7.678666642273065,0.027357082934151924
140.0,8.75,7.678693298452081,0.027353014255044408
140.0,11.25,7.679019498937303,0.0273461304495869
140.0,13.75,7.679270106448681,0.027337894626071058
140.0,16.25,7.679527484549801,0.02733203743403067
140.0,18.75,7.680640724224207,0.027331561851520494
140.0,21.25,7.6813177222069005,0.027333568334889462
140.0,23.75,7.682226293492785,0.027336765077655877
140.0,26.25,7.690793703562437,0.027349754111460827
140.0,28.75,7.691730637609611,0.02735775290322066
140.0,31.25,7.687434360276938,0.027293643869551902
140.0,33.75,6.26195216636495,0.5504752298598181
140.0,36.25,6.261950319215425,0.5504764153182784
140.0,38.75,6.261948780104923,0.5504774032387014
140.0,41.25,6.261947548968807,0.550478193555162
140.0,43.75,6.261946625649479,0.5504787863555624
140.0,46.25,6.261945163250133,0.5504803077641905
140.0,48.75,6.261945702032622,0.550479379641122
142.0,1.25,7.678517683941414,0.02735370756020541
142.0,3.75,7.678386462302334,0.027356787110348557
142.0,6.25,7.67835575293968,0.027356480512026524
142.0,8.75,7.678382687699059,0.027352408685140547
142.0,11.25,7.6787089821040535,0.02734551382211704
142.0,13.75,7.678959767535869,0.0273373105178675
142.0,16.25,7.679216990617216,0.027331562799416162
142.0,18.75,7.680328624752632,0.0273312172810887
142.0,21.25,7.681004373110949,0.027333389759018327
142.0,23.75,7.682226293492785,0.027336765077655877
142.0,26.25,7.690793703562437,0.027349754111460827
142.0,28.75,7.691730637609611,0.02735775290322066
142.0,31.25,7.687434360276938,0.027293643869551902
142.0,33.75,6.26195216636495,0.5504752298598181
142.0,36.25,6.261950319215425,0.5504764153182784
142.0,38.75,6.261948780104923,0.5504774032387014
142.0,41.25,6.261947548968807,0.550478193555162
142.0,43.75,6.261946625649479,0.5504787863555624
142.0,46.25,6.261945163250133,0.5504803077641905
142.0,48.75,6.261945702032622,0.550479379641122
144.0,1.25,7.678206858450011,0.027353094706228872
144.0,3.75,7.678075822557224,0.027356196995341853
144.0,6.25,7.678045251402439,0.02735589536177305
144.0,8.75,7.6780724645290785,0.027351820415405934
144.0,11.25,7.678398852592583,0.027344914750396056
144.0,13.75,7.678649811738096,0.02733674482003385
144.0,16.25,7.678906869858421,0.0273311085909307
144.0,18.75,7.6800168871264685,0.027330896160322367
144.0,21.25,7.6806913760671165,0.02733323722097193
144.0,23.75,7.682226293492785,0.027336765077655877
144.0,26.25,7.690793703562437,0.027349754111460827
144.0,28.75,7.691730637609611,0.02735775290322066
144.0,31.25,7.687434360276938,0.027293643869551902
144.0,33.75,6.26195216636495,0.5504752298598181
144.0,36.25,6.261950319215425,0.5504764153182784
144.0,38.75,6.261948780104923,0.5504774032387014
144.0,41.25,6.261947548968807,0.550478193555162
144.0,43.75,6.261946625649479,0.5504787863555624
144.0,46.25,6.261945163250133,0.5504803077641905
144.0,48.75,6.261945702032622,0.550479379641122
146.0,1.25,7.67789642032812,0.027352498948496222
146.0,3.75,7.677765569725774,0.027355624059451047
146.0,6.25,7.67773513668048,0.0273553274200545
146.0,8.75,7.677762627959013,0.027351249383853863
146.0,11.25,7.678089109151012,0.027344333183996972
146.0,13.75,7.678340237965536,0.027336197492401543
146.0,16.25,7.678597121135587,0.0273306747944533
146.0,18.75,7.6797055098694305,0.027330598527435822
146.0,21.25,7.680378729556102,0.027333110782354956
146.0,23.75,7.682226293492785,0.027336765077655877
146.0,26.25,7.690793703562437,0.027349754111460827
146.0,28.75,7.691730637609611,0.02735775290322066
146.0,31.25,7.687434360276938,0.027293643869551902
146.0,33.75,6.26195216636495,0.5504752298598181
146.0,36.25,6.261950319215425,0.5504764153182784
146.0,38.75,6.261948780104923,0.5504774032387014
146.0,41.25,6.261947548968807,0.550478193555162
146.0,43.75,6.261946625649479,0.5504787863555624
146.0,46.25,6.261945163250133,0.5504803077641905
146.0,48.75,6.261945702032622,0.550479379641122
148.0,1.25,7.677586368789129,0.027351920200713007
148.0,3.75,7.677455702832215,0.027355068239124095
148.0,6.25,7.677425407789992,0.027354776624720977
148.0,8.75,7.677453177001611,0.02735069552979244
148.0,11.25,7.677779750243056,0.027343769103679944
148.0,13.75,7.678031045131552,0.02733566849541082
148.0,16.25,7.678287742871429,0.027330261435980056
148.0,18.75,7.679394491502744,0.027330324422487205
148.0,21.25,7.680066432063458,0.02733301050687159
148.0,23.75,7.682226293492785,0.027336765077655877
148.0,26.25,7.690793703562437,0.027349754111460827
148.0,28.75,7.691730637609611,0.02735775290322066
148.0,31.25,7.687434360276938,0.027293643869551902
148.0,33.75,6.26195216636495,0.5504752298598181
148.0,36.25,6.261950319215425,0.5504764153182784
148.0,38.75,6.261948780104923,0.5504774032387014
148.0,41.25,6.261947548968807,0.550478193555162
148.0,43.75,6.261946625649479,0.5504787863555624
148.0,46.25,6.261945163250133,0.5504803077641905
148.0,48.75,6.261945702032622,0.550479379641122
150.0,1.25,7.67727670235154,0.02735135846305976
150.0,3.75,7.677146220896483,0.02735452947195742
150.0,6.25,7.677116063757942,0.027354242913288265
150.0,8.75,7.677144110678685,0.027350158792350424
150.0,11.25,7.677470776380329,0.027343222335785747
150.0,13.75,7.677722232149908,0.027335157790623323
150.0,16.25,7.677978734072653,0.027329868485425176
150.0,18.75,7.679083830528331,0.02733007388861286
150.0,21.25,7.679754482077756,0.027332936460524482
150.0,23.75,7.682226293492785,0.027336765077655877
150.0,26.25,7.690793703562437,0.027349754111460827
150.0,28.75,7.691730637609611,0.02735775290322066
150.0,31.25,7.687434360276938,0.027293643869551902
150.0,33.75,6.26195216636495,0.5504752298598181
150.0,36.25,6.261950319215425,0.5504764153182784
150.0,38.75,6.261948780104923,0.5504774032387014
150.0,41.25,6.261947548968807,0.550478193555162
150.0,43.75,6.261946625649479,0.5504787863555624
150.0,46.25,6.261945163250133,0.5504803077641905
150.0,48.75,6.261945702032622,0.550479379641122
152.0,1.25,7.676967420492014,0.02735081360798805
152.0,3.75,7.676837122950534,0.02735400769499125
152.0,6.25,7.676807103617201,0.027353726223578727
152.0,8.75,7.6768354280098805,0.02734963911160723
152.0,11.25,7.677162185284744,0.027342692943401813
152.0,13.75,7.677413797937779,0.027334665340095692
152.0,16.25,7.67767009340112,0.02732949595248182
152.0,18.75,7.678773525467858,0.027329846969971695
152.0,21.25,7.679442878089938,0.027332888711695154
152.0,23.75,7.682226293492785,0.027336765077655877
152.0,26.25,7.690793703562437,0.027349754111460827
152.0,28.75,7.691730637609611,0.02735775290322066
152.0,31.25,7.687434360276938,0.027293643869551902
152.0,33.75,6.26195216636495,0.5504752298598181
152.0,36.25,6.261950319215425,0.5504764153182784
152.0,38.75,6.261948780104923,0.5504774032387014
152.0,41.25,6.261947548968807,0.550478193555162
152.0,43.75,6.261946625649479,0.5504787863555624
152.0,46.25,6.261945163250133,0.5504803077641905
152.0,48.75,6.261945702032622,0.550479379641122
154.0,1.25,7.676658522116273,0.02735028559286718
154.0,3.75,7.676528408027264,0.027353502845846887
154.0,6.25,7.676498526394769,0.027353226494612835
154.0,8.75,7.676527128029639,0.027349136426964214
154.0,11.25,7.676853976301928,0.02734218083276289
154.0,13.75,7.677105741412725,0.02733419110710742
154.0,16.25,7.677361819590415,0.027329143839073755
154.0,18.75,7.678463574821209,0.027329643713785462
154.0,21.25,7.679131618599113,0.027332867330884473
154.0,23.75,7.682226293492785,0.027336765077655877
154.0,26.25,7.690793703562437,0.027349754111460827
154.0,28.75,7.691730637609611,0.02735775290322066
154.0,31.25,7.687434360276938,0.027293643869551902
154.0,33.75,6.26195216636495,0.5504752298598181
154.0,36.25,6.261950319215425,0.5504764153182784
154.0,38.75,6.261948780104923,0.5504774032387014
154.0,41.25,6.261947548968807,0.550478193555162
154.0,43.75,6.261946625649479,0.5504787863555624
154.0,46.25,6.261945163250133,0.5504803077641905
154.0,48.75,6.261945702032622,0.550479379641122
156.0,1.25,7.6763500062619725,0.027349774354713606
156.0,3.75,7.676220075165025,0.02735301486263167
156.0,6.25,7.6761903311295505,0.027352743664870144
156.0,8.75,7.676219209763632,0.027348650679693238
156.0,11.25,7.6765461486705915,0.027341685931878836
156.0,13.75,7.676798061487598,0.027333735055947876
156.0,16.25,7.677053911373145,0.027328812148565224
156.0,18.75,7.678153977091209,0.02732946416897945
156.0,21.25,7.6788207021084975,0.02733287239126757
156.0,23.75,7.682226293492785,0.027336765077655877
156.0,26.25,7.690793703562437,0.027349754111460827
156.0,28.75,7.691730637609611,0.02735775290322066
156.0,31.25,7.687434360276938,0.027293643869551902
156.0,33.75,6.26195216636495,0.5504752298598181
156.0,36.25,6.261950319215425,0.5504764153182784
156.0,38.75,6.261948780104923,0.5504774032387014
156.0,41.25,6.261947548968807,0.550478193555162
156.0,43.75,6.261946625649479,0.5504787863555624
156.0,46.25,6.261945163250133,0.5504803077641905
156.0,48.75,6.261945702032622,0.550479379641122
158.0,1.25,7.67604187196824,0.02734927983099622
158.0,3.75,7.675912123405173,0.027352543683762637
158.0,6.25,7.675882516861966,0.027352277673697058
158.0,8.75,7.67591167225112,0.027348181810220556
158.0,11.25,7.676238700781739,0.027341208241705897
158.0,13.75,7.676490757093076,0.02733329715065729
158.0,16.25,7.676746367478612,0.02732850088612187
158.0,18.75,7.677844730770131,0.0273293083873884
158.0,21.25,7.678510127128755,0.027332903968420447
158.0,23.75,7.682226293492785,0.027336765077655877
158.0,26.25,7.690793703562437,0.027349754111460827
158.0,28.75,7.691730637609611,0.02735775290322066
158.0,31.25,7.687434360276938,0.027293643869551902
158.0,33.75,6.26195216636495,0.5504752298598181
158.0,36.25,6.261950319215425,0.5504764153182784
158.0,38.75,6.261948780104923,0.5504774032387014
158.0,41.25,6.261947548968807,0.550478193555162
158.0,43.75,6.261946625649479,0.5504787863555624
158.0,46.25,6.261945163250133,0.5504803077641905
158.0,48.75,6.261945702032622,0.550479379641122
160.0,1.25,7.675734118285186,0.02734880195870962
160.0,3.75,7.675604551793683,0.027352089247933767
160.0,6.25,7.675575082636338,0.027351828460640867
160.0,8.75,7.675604514528807,0.027347729760117817
160.0,11.25,7.6759316321708155,0.027340747655048358
160.0,13.75,7.6761838271487255,0.027332877357486313
160.0,16.25,7.676439186635034,0.02732821005840751
160.0,18.75,7.677535834347937,0.02732917642294568
160.0,21.25,7.678199892179898,0.027332962140455767
160.0,23.75,7.682226293492785,0.027336765077655877
160.0,26.25,7.690793703562437,0.027349754111460827
160.0,28.75,7.691730637609611,0.02735775290322066
160.0,31.25,7.687434360276938,0.027293643869551902
160.0,33.75,6.26195216636495,0.5504752298598181
160.0,36.25,6.261950319215425,0.5504764153182784
160.0,38.75,6.261948780104923,0.5504774032387014
160.0,41.25,6.261947548968807,0.550478193555162
160.0,43.75,6.261946625649479,0.5504787863555624
160.0,46.25,6.261945163250133,0.5504803077641905
160.0,48.75,6.261945702032622,0.550479379641122
162.0,1.25,7.675426744259759,0.027348340676101958
162.0,3.75,7.675297359379717,0.027351651494332684
162.0,6.25,7.675268027501673,0.027351395965682174
162.0,8.75,7.675297735641382,0.02734729447093898
162.0,11.25,7.675624941707567,0.02734030413764342
162.0,13.75,7.675877270579052,0.027332475642937247
162.0,16.25,7.676132367567271,0.027327939673971017
162.0,18.75,7.677227286309346,0.02732906833174464
162.0,21.25,7.677889995790981,0.027333046988329657
162.0,23.75,7.682226293492785,0.027336765077655877
162.0,26.25,7.690793703562437,0.027349754111460827
162.0,28.75,7.691730637609611,0.02735775290322066
162.0,31.25,7.687434360276938,0.027293643869551902
162.0,33.75,6.26195216636495,0.5504752298598181
162.0,36.25,6.261950319215425,0.5504764153182784
162.0,38.75,6.261948780104923,0.5504774032387014
162.0,41.25,6.261947548968807,0.550478193555162
162.0,43.75,6.261946625649479,0.5504787863555624
162.0,46.25,6.261945163250133,0.5504803077641905
162.0,48.75,6.261945702032622,0.550479379641122
164.0,1.25,7.675119748948759,0.02734789592108588
164.0,3.75,7.674990545216321,0.027351230362343916
164.0,6.25,7.674961350508244,0.02735098012910161
164.0,8.75,7.674991334634877,0.027346875884931073
164.0,11.25,7.675318628408383,0.02733987763758523
164.0,13.75,7.6755710863091755,0.027332091974575718
164.0,16.25,7.6758259089979575,0.027327689743016775
164.0,18.75,7.676919085134378,0.027328984172465206
164.0,21.25,7.677580436503259,0.027333158595757384
164.0,23.75,7.682226293492785,0.027336765077655877
164.0,26.25,7.690793703562437,0.027349754111460827
164.0,28.75,7.691730637609611,0.02735775290322066
164.0,31.25,7.687434360276938,0.027293643869551902
164.0,33.75,6.26195216636495,0.5504752298598181
164.0,36.25,6.261950319215425,0.5504764153182784
164.0,38.75,6.261948780104923,0.5504774032387014
164.0,41.25,6.261947548968807,0.550478193555162
164.0,43.75,6.261946625649479,0.5504787863555624
164.0,46.25,6.261945163250133,0.5504803077641905
164.0,48.75,6.261945702032622,0.550479379641122
166.0,1.25,7.674813131407212,0.02734746763251336
166.0,3.75,7.674684108363726,0.027350825791597227
166.0,6.25,7.674655050718409,0.02735058089120185
166.0,8.75,7.674685310560959,0.027346473944430745
166.0,11.25,7.675012691292287,0.02733946810372665
166.0,13.75,7.675265273265424,0.027331726321018247
166.0,16.25,7.675519809647,0.02732746027749496
166.0,18.75,7.676611229293761,0.027328924006495302
166.0,21.25,7.677271212871485,0.027333297049521865
166.0,23.75,7.682226293492785,0.027336765077655877
166.0,26.25,7.690793703562437,0.027349754111460827
166.0,28.75,7.691730637609611,0.02735775290322066
166.0,31.25,7.687434360276938,0.027293643869551902
166.0,33.75,6.26195216636495,0.5504752298598181
166.0,36.25,6.261950319215425,0.5504764153182784
166.0,38.75,6.261948780104923,0.5504774032387014
166.0,41.25,6.261947548968807,0.550478193555162
166.0,43.75,6.261946625649479,0.5504787863555624
166.0,46.25,6.261945163250133,0.5504803077641905
166.0,48.75,6.261945702032622,0.550479379641122
168.0,1.25,7.674506890700744,0.027347055748744454
168.0,3.75,7.674378047881701,0.02735043772236927
168.0,6.25,7.674349127186926,0.027350198193440763
168.0,8.75,7.674379662474109,0.02734608859238137
168.0,11.25,7.674707129382448,0.027339075485179942
168.0,13.75,7.674959830410784,0.027331378646702466
168.0,16.25,7.6752140682315995,0.02732725129109259
168.0,18.75,7.676303717256883,0.027328887896987772
168.0,21.25,7.676962323466538,0.027333462439701642
168.0,23.75,7.682226293492785,0.027336765077655877
168.0,26.25,7.690793703562437,0.027349754111460827
168.0,28.75,7.691730637609611,0.02735775290322066
168.0,31.25,7.687434360276938,0.027293643869551902
168.0,33.75,6.26195216636495,0.5504752298598181
168.0,36.25,6.261950319215425,0.5504764153182784
168.0,38.75,6.261948780104923,0.5504774032387014
168.0,41.25,6.261947548968807,0.550478193555162
168.0,43.75,6.261946625649479,0.5504787863555624
168.0,46.25,6.261945163250133,0.5504803077641905
168.0,48.75,6.261945702032622,0.550479379641122
170.0,1.25,7.674201025892381,0.027346660209325562
170.0,3.75,7.674072362835951,0.027350066095091507
170.0,6.25,7.674043578979907,0.027349831976991486
170.0,8.75,7.674074389426058,0.027345719772536737
170.0,11.25,7.674401941704967,0.027338699731695136
170.0,13.75,7.674654756574406,0.02733104893677523
170.0,16.25,7.674908683465409,0.027327062799459144
170.0,18.75,7.675996547483392,0.027328875910386376
170.0,21.25,7.676653766878579,0.02733365485975629
170.0,23.75,7.682226293492785,0.027336765077655877
170.0,26.25,7.690793703562437,0.027349754111460827
170.0,28.75,7.691730637609611,0.02735775290322066
170.0,31.25,7.687434360276938,0.027293643869551902
170.0,33.75,6.26195216636495,0.5504752298598181
170.0,36.25,6.261950319215425,0.5504764153182784
170.0,38.75,6.261948780104923,0.5504774032387014
170.0,41.25,6.261947548968807,0.550478193555162
170.0,43.75,6.261946625649479,0.5504787863555624
170.0,46.25,6.261945163250133,0.5504803077641905
170.0,48.75,6.261945702032622,0.550479379641122
172.0,1.25,7.673895536053939,0.027346280953528243
172.0,3.75,7.673767052294927,0.0273497108506688
172.0,6.25,7.673738405164387,0.02734948218361625
172.0,8.75,7.6737694904848,0.027345367427964472
172.0,11.25,7.67409712728825,0.027338340793537228
172.0,13.75,7.674350050777526,0.027330737147729257
172.0,16.25,7.674603654059386,0.027326894819875845
172.0,18.75,7.675689718430211,0.027328888115064568
172.0,21.25,7.676345541719696,0.027333874407063703
172.0,23.75,7.682226293492785,0.027336765077655877
172.0,26.25,7.690793703562437,0.027349754111460827
172.0,28.75,7.691730637609611,0.02735775290322066
172.0,31.25,7.687434360276938,0.027293643869551902
172.0,33.75,6.26195216636495,0.5504752298598181
172.0,36.25,6.261950319215425,0.5504764153182784
172.0,38.75,6.261948780104923,0.5504774032387014
172.0,41.25,6.261947548968807,0.550478193555162
172.0,43.75,6.261946625649479,0.5504787863555624
172.0,46.25,6.261945163250133,0.5504803077641905
172.0,48.75,6.261945702032622,0.550479379641122
174.0,1.25,7.673590420259106,0.02734591792122365
174.0,3.75,7.67346211533097,0.027349371930193565
174.0,6.25,7.673433604809374,0.027349148755544755
174.0,8.75,7.67346496471123,0.02734503150313061
174.0,11.25,7.673792685163642,0.02733799862163272
174.0,13.75,7.674045711922142,0.02733044325689262
174.0,16.25,7.674298978718394,0.027326747371952023
174.0,18.75,7.6753832285416275,0.027328924582557763
174.0,21.25,7.676037646628311,0.02733412118322292
174.0,23.75,7.682226293492785,0.027336765077655877
174.0,26.25,7.690793703562437,0.027349754111460827
174.0,28.75,7.691730637609611,0.02735775290322066
174.0,31.25,7.687434360276938,0.027293643869551902
174.0,33.75,6.26195216636495,0.5504752298598181
174.0,36.25,6.261950319215425,0.5504764153182784
174.0,38.75,6.261948780104923,0.5504774032387014
174.0,41.25,6.261947548968807,0.550478193555162
174.0,43.75,6.261946625649479,0.5504787863555624
174.0,46.25,6.261945163250133,0.5504803077641905
174.0,48.75,6.261945702032622,0.550479379641122
176.0,1.25,7.6732856774792735,0.027345571053680198
176.0,3.75,7.6731575510243735,0.027349049274815938
176.0,6.25,7.673129176993574,0.027348831634935157
176.0,8.75,7.673160811174896,0.027344711942318016
176.0,11.25,7.673488614365595,0.02733767316733611
176.0,13.75,7.673741738939109,0.02733016723751794
176.0,16.25,7.673994656149606,0.027326620476539155
176.0,18.75,7.675077076263662,0.027328985386368822
176.0,21.25,7.675730080273847,0.02733439529460261
176.0,23.75,7.682226293492785,0.027336765077655877
176.0,26.25,7.690793703562437,0.027349754111460827
176.0,28.75,7.691730637609611,0.02735775290322066
176.0,31.25,7.687434360276938,0.027293643869551902
176.0,33.75,6.26195216636495,0.5504752298598181
176.0,36.25,6.261950319215425,0.5504764153182784
176.0,38.75,6.261948780104923,0.5504774032387014
176.0,41.25,6.261947548968807,0.550478193555162
176.0,43.75,6.261946625649479,0.5504787863555624
176.0,46.25,6.261945163250133,0.5504803077641905
176.0,48.75,6.261945702032622,0.550479379641122
178.0,1.25,7.672981307053323,0.02734524028795139
178.0,3.75,7.672853358452548,0.027348742826787918
178.0,6.25,7.672825120798087,0.027348530764432024
178.0,8.75,7.672857028946568,0.027344408690595113
178.0,11.25,7.67318491393193,0.027337364382437373
178.0,13.75,7.673438130761749,0.027329909063772837
178.0,16.25,7.673690685170229,0.027326514148803334
178.0,18.75,7.674771260029711,0.02732907060311301
178.0,21.25,7.675422841362289,0.027334696853051708
178.0,23.75,7.682226293492785,0.027336765077655877
178.0,26.25,7.690793703562437,0.027349754111460827
178.0,28.75,7.691730637609611,0.02735775290322066
178.0,31.25,7.687434360276938,0.027293643869551902
178.0,33.75,6.26195216636495,0.5504752298598181
178.0,36.25,6.261950319215425,0.5504764153182784
178.0,38.75,6.261948780104923,0.5504774032387014
178.0,41.25,6.261947548968807,0.550478193555162
178.0,43.75,6.261946625649479,0.5504787863555624
178.0,46.25,6.261945163250133,0.5504803077641905
178.0,48.75,6.261945702032622,0.550479379641122
180.0,1.25,7.672677307869386,0.027344925568129196
180.0,3.75,7.67254953670044,0.027348452528145287
180.0,6.25,7.672521435300373,0.02734824608764884
180.0,8.75,7.67255361711755,0.027344121689417623
180.0,11.25,7.6728815829013035,0.027337072219574553
180.0,13.75,7.673134886320304,0.027329668711142223
180.0,16.25,7.673387064165443,0.027326428438385262
180.0,18.75,7.674465778266621,0.02732918031207938
180.0,21.25,7.6751159286439075,0.02733502597661755
180.0,23.75,7.682226293492785,0.027336765077655877
180.0,26.25,7.690793703562437,0.027349754111460827
180.0,28.75,7.691730637609611,0.02735775290322066
180.0,31.25,7.687434360276938,0.027293643869551902
180.0,33.75,6.26195216636495,0.5504752298598181
180.0,36.25,6.261950319215425,0.5504764153182784
180.0,38.75,6.261948780104923,0.5504774032387014
180.0,41.25,6.261947548968807,0.550478193555162
180.0,43.75,6.261946625649479,0.5504787863555624
180.0,46.25,6.261945163250133,0.5504803077641905
180.0,48.75,6.261945702032622,0.550479379641122
182.0,1.25,7.6723736790650925,0.027344626833874005
182.0,3.75,7.672246084858681,0.02734817832107425
182.0,6.25,7.672218119590346,0.027347977547694243
182.0,8.75,7.672250574736075,0.02734385089169624
182.0,11.25,7.6725786203189,0.02733679663156672
182.0,13.75,7.67283200454901,0.027329446155876024
182.0,16.25,7.673083792087642,0.027326363348025615
182.0,18.75,7.674160629397833,0.02732931459475573
182.0,21.25,7.674809340920165,0.02733538279102772
182.0,23.75,7.682226293492785,0.027336765077655877
182.0,26.25,7.690793703562437,0.027349754111460827
182.0,28.75,7.691730637609611,0.02735775290322066
182.0,31.25,7.687434360276938,0.027293643869551902
182.0,33.75,6.26195216636495,0.5504752298598181
182.0,36.25,6.261950319215425,0.5504764153182784
182.0,38.75,6.261948780104923,0.5504774032387014
182.0,41.25,6.261947548968807,0.550478193555162
182.0,43.75,6.261946625649479,0.5504787863555624
182.0,46.25,6.261945163250133,0.5504803077641905
182.0,48.75,6.261945702032622,0.550479379641122
184.0,1.25,7.6720704197291845,0.02734434402709257
184.0,3.75,7.671943002013863,0.027347920148889582
184.0,6.25,7.671915172755922,0.027347725088617825
184.0,8.75,7.671947900896608,0.027343596240274597
184.0,11.25,7.672276025227488,0.02733653757217466
184.0,13.75,7.672529484379291,0.027329241375325886
184.0,16.25,7.672780867553193,0.027326318915122275
184.0,18.75,7.673855811836009,0.027329473536021647
184.0,21.25,7.674503077055646,0.027335767430906516
184.0,23.75,7.682226293492785,0.027336765077655877
184.0,26.25,7.690793703562437,0.027349754111460827
184.0,28.75,7.691730637609611,0.02735775290322066
184.0,31.25,7.687434360276938,0.027293643869551902
184.0,33.75,6.26195216636495,0.5504752298598181
184.0,36.25,6.261950319215425,0.5504764153182784
184.0,38.75,6.261948780104923,0.5504774032387014
184.0,41.25,6.261947548968807,0.550478193555162
184.0,43.75,6.261946625649479,0.5504787863555624
184.0,46.25,6.261945163250133,0.5504803077641905
184.0,48.75,6.261945702032622,0.550479379641122
186.0,1.25,7.6717675289583385,0.027344077089339627
186.0,3.75,7.671640287266746,0.027347677954248483
186.0,6.25,7.671612593890604,0.027347488654609092
186.0,8.75,7.671645594688116,0.027343357681075847
186.0,11.25,7.671973796677162,0.027336294995278215
186.0,13.75,7.672227324745096,0.02732905434802702
186.0,16.25,7.672478289245183,0.027326295170916122
186.0,18.75,7.6735513239865085,0.027329657223304285
186.0,21.25,7.674197135990231,0.027336180042018498
186.0,23.75,7.682226293492785,0.027336765077655877
186.0,26.25,7.690793703562437,0.027349754111460827
186.0,28.75,7.691730637609611,0.02735775290322066
186.0,31.25,7.687434360276938,0.027293643869551902
186.0,33.75,6.26195216636495,0.5504752298598181
186.0,36.25,6.261950319215425,0.5504764153182784
186.0,38.75,6.261948780104923,0.5504774032387014
186.0,41.25,6.261947548968807,0.550478193555162
186.0,43.75,6.261946625649479,0.5504787863555624
186.0,46.25,6.261945163250133,0.5504803077641905
186.0,48.75,6.261945702032622,0.550479379641122
188.0,1.25,7.67146500585552,0.027343825962288307
188.0,3.75,7.671337939711236,0.02734745168106374
188.0,6.25,7.671310382092121,0.027347268190015848
188.0,8.75,7.671343655197815,0.027343135161267528
188.0,11.25,7.671671933716782,0.027336068855834603
188.0,13.75,7.6719255245803435,0.027328885053465007
188.0,16.25,7.6721760558389525,0.027326292148986724
188.0,18.75,7.673247164247937,0.027329865746898364
188.0,21.25,7.6738915167553206,0.02733662078403615
188.0,23.75,7.682226293492785,0.027336765077655877
188.0,26.25,7.690793703562437,0.027349754111460827
188.0,28.75,7.691730637609611,0.02735775290322066
188.0,31.25,7.687434360276938,0.027293643869551902
188.0,33.75,6.26195216636495,0.5504752298598181
188.0,36.25,6.261950319215425,0.5504764153182784
188.0,38.75,6.261948780104923,0.5504774032387014
188.0,41.25,6.261947548968807,0.550478193555162
188.0,43.75,6.261946625649479,0.5504787863555624
188.0,46.25,6.261945163250133,0.5504803077641905
188.0,48.75,6.261945702032622,0.550479379641122
190.0,1.25,7.671162849616439,0.02734359058034546
190.0,3.75,7.671035958455938,0.027347241272530104
190.0,6.25,7.671008536461084,0.027347063639792987
190.0,8.75,7.671042081518553,0.027342928628125634
190.0,11.25,7.671370435400232,0.02733585910896909
190.0,13.75,7.671624082817508,0.027328733472281947
190.0,16.25,7.6718741660087915,0.027326309884911647
190.0,18.75,7.672943331016835,0.027330099199419117
190.0,21.25,7.6735862184937735,0.027337089834624663
190.0,23.75,7.682226293492785,0.027336765077655877
190.0,26.25,7.690793703562437,0.027349754111460827
190.0,28.75,7.691730637609611,0.02735775290322066
190.0,31.25,7.687434360276938,0.027293643869551902
190.0,33.75,6.26195216636495,0.5504752298598181
190.0,36.25,6.261950319215425,0.5504764153182784
190.0,38.75,6.261948780104923,0.5504774032387014
190.0,41.25,6.261947548968807,0.550478193555162
190.0,43.75,6.261946625649479,0.5504787863555624
190.0,46.25,6.261945163250133,0.5504803077641905
190.0,48.75,6.261945702032622,0.550479379641122
192.0,1.25,7.670861059104778,0.02734337091037542
192.0,3.75,7.670734342602409,0.02734704667334617
192.0,6.25,7.670707056099819,0.02734687494932252
192.0,8.75,7.670740872743873,0.027342738029359874
192.0,11.25,7.671069300784178,0.027335665710419788
192.0,13.75,7.671322998390766,0.027328599586154398
192.0,16.25,7.671572618421477,0.027326348416505334
192.0,18.75,7.6726398226601,0.027330357677830132
192.0,21.25,7.673281240486361,0.02733758739487742
192.0,23.75,7.682226293492785,0.027336765077655877
192.0,26.25,7.690793703562437,0.027349754111460827
192.0,28.75,7.691730637609611,0.02735775290322066
192.0,31.25,7.687434360276938,0.027293643869551902
192.0,33.75,6.26195216636495,0.5504752298598181
192.0,36.25,6.261950319215425,0.5504764153182784
192.0,38.75,6.261948780104923,0.5504774032387014
192.0,41.25,6.261947548968807,0.550478193555162
192.0,43.75,6.261946625649479,0.5504787863555624
192.0,46.25,6.261945163250133,0.5504803077641905
192.0,48.75,6.261945702032622,0.550479379641122
194.0,1.25,7.670559633645847,0.02734316687075506
194.0,3.75,7.670433091260959,0.027346867827819393
194.0,6.25,7.670405940119108,0.027346702063865466
194.0,8.75,7.670440027974735,0.02734256331275699
194.0,11.25,7.670768528923998,0.02733548861680283
194.0,13.75,7.671022270232971,0.027328483377899445
194.0,16.25,7.6712714117378935,0.027326407784009896
194.0,18.75,7.672336637566864,0.02733064128027929
194.0,21.25,7.672976582193244,0.027338113697060813
194.0,23.75,7.682226293492785,0.027336765077655877
194.0,26.25,7.690793703562437,0.027349754111460827
194.0,28.75,7.691730637609611,0.02735775290322066
194.0,31.25,7.687434360276938,0.027293643869551902
194.0,33.75,6.26195216636495,0.5504752298598181
194.0,36.25,6.261950319215425,0.5504764153182784
194.0,38.75,6.261948780104923,0.5504774032387014
194.0,41.25,6.261947548968807,0.550478193555162
194.0,43.75,6.261946625649479,0.5504787863555624
194.0,46.25,6.261945163250133,0.5504803077641905
194.0,48.75,6.261945702032622,0.550479379641122
196.0,1.25,7.670258572287371,0.027342978413595117
196.0,3.75,7.6701322035455535,0.027346704680538896
196.0,6.25,7.6701051876278665,0.027346544929565876
196.0,8.75,7.670139546310647,0.027342404427055326
196.0,11.25,7.670468118881611,0.027335327784982755
196.0,13.75,7.670721897276886,0.027328384831613733
196.0,16.25,7.670970544613862,0.027326488029748363
196.0,18.75,7.672033774097686,0.027330950109227918
196.0,21.25,7.672672243253106,0.027338669018829354
196.0,23.75,7.682226293492785,0.027336765077655877
196.0,26.25,7.690793703562437,0.027349754111460827
196.0,28.75,7.691730637609611,0.02735775290322066
196.0,31.25,7.687434360276938,0.027293643869551902
196.0,33.75,6.26195216636495,0.5504752298598181
196.0,36.25,6.261950319215425,0.5504764153182784
196.0,38.75,6.261948780104923,0.5504774032387014
196.0,41.25,6.261947548968807,0.550478193555162
196.0,43.75,6.261946625649479,0.5504787863555624
196.0,46.25,6.261945163250133,0.5504803077641905
196.0,48.75,6.261945702032622,0.550479379641122
198.0,1.25,7.669957874156926,0.0273428054814381
198.0,3.75,7.669831678574932,0.027346557176582024
198.0,6.25,7.669804797740418,0.027346403492716564
198.0,8.75,7.669839426857341,0.02734226132104033
198.0,11.25,7.670168069719648,0.027335183172498483
198.0,13.75,7.6704218784532,0.027328303932486447
198.0,16.25,7.670670015700153,0.027326589198430038
198.0,18.75,7.671731230611398,0.027331284269145377
198.0,21.25,7.672368223626542,0.0273392536971264
198.0,23.75,7.682226293492785,0.027336765077655877
198.0,26.25,7.690793703562437,0.027349754111460827
198.0,28.75,7.691730637609611,0.02735775290322066
198.0,31.25,7.687434360276938,0.027293643869551902
198.0,33.75,6.26195216636495,0.5504752298598181
198.0,36.25,6.261950319215425,0.5504764153182784
198.0,38.75,6.261948780104923,0.5504774032387014
198.0,41.25,6.261947548968807,0.550478193555162
198.0,43.75,6.261946625649479,0.5504787863555624
198.0,46.25,6.261945163250133,0.5504803077641905
198.0,48.75,6.261945702032622,0.550479379641122
200.0,1.25,7.6696575383714505,0.02734264801874547
200.0,3.75,7.669531515467842,0.027346425261557006
200.0,6.25,7.66950476957582,0.02734627769976113
200.0,8.75,7.669539668724305,0.02734213394376442
200.0,11.25,7.669868380502873,0.027335054737547274
200.0,13.75,7.670122212696456,0.027328240666776676
200.0,16.25,7.670369823640079,0.027326711337240343
200.0,18.75,7.671429005454842,0.027331643868486993
200.0,21.25,7.67206452358254,0.027339868161188812
200.0,23.75,7.682226293492785,0.027336765077655877
200.0,26.25,7.690793703562437,0.027349754111460827
200.0,28.75,7.691730637609611,0.02735775290322066
200.0,31.25,7.687434360276938,0.027293643869551902
200.0,33.75,6.26195216636495,0.5504752298598181
200.0,36.25,6.261950319215425,0.5504764153182784
200.0,38.75,6.261948780104923,0.5504774032387014
200.0,41.25,6.261947548968807,0.550478193555162
200.0,43.75,6.261946625649479,0.5504787863555624
200.0,46.25,6.261945163250133,0.5504803077641905
200.0,48.75,6.261945702032622,0.550479379641122
202.0,1.25,7.6769198973950035,0.02572616989212601
202.0,3.75,7.676684073142196,0.0257245939256107
202.0,6.25,7.676643739191707,0.0257233389148611
202.0,8.75,7.676682793063908,0.025718852057376083
202.0,11.25,7.676985140800414,0.025718350807730564
202.0,13.75,7.677099029945073,0.02573238059993889
202.0,16.25,7.670369823640079,0.027326711337240343
202.0,18.75,7.671429005454842,0.027331643868486993
202.0,21.25,7.67206452358254,0.027339868161188812
202.0,23.75,7.682226293492785,0.027336765077655877
202.0,26.25,7.690793703562437,0.027349754111460827
202.0,28.75,7.691730637609611,0.02735775290322066
202.0,31.25,7.687434360276938,0.027293643869551902
202.0,33.75,6.26195216636495,0.5504752298598181
202.0,36.25,6.261950319215425,0.5504764153182784
202.0,38.75,6.261948780104923,0.5504774032387014
202.0,41.25,6.261947548968807,0.550478193555162
202.0,43.75,6.261946625649479,0.5504787863555624
202.0,46.25,6.261945163250133,0.5504803077641905
202.0,48.75,6.261945702032622,0.550479379641122
204.0,1.25,7.6783832693527785,0.02536788008348383
204.0,3.75,7.678148410795173,0.025357924054609488
204.0,6.25,7.678114887064827,0.025356735954886023
204.0,8.75,7.678126278900185,0.025355114485935398
204.0,11.25,7.678370920499618,0.025357681636259316
204.0,13.75,7.6785276762225,0.025366476662288324
204.0,16.25,7.670369823640079,0.027326711337240343
204.0,18.75,7.671429005454842,0.027331643868486993
204.0,21.25,7.67206452358254,0.027339868161188812
204.0,23.75,7.682226293492785,0.027336765077655877
204.0,26.25,7.690793703562437,0.027349754111460827
204.0,28.75,7.691730637609611,0.02735775290322066
204.0,31.25,7.687434360276938,0.027293643869551902
204.0,33.75,6.26195216636495,0.5504752298598181
204.0,36.25,6.261950319215425,0.5504764153182784
204.0,38.75,6.261948780104923,0.5504774032387014
204.0,41.25,6.261947548968807,0.550478193555162
204.0,43.75,6.261946625649479,0.5504787863555624
204.0,46.25,6.261945163250133,0.5504803077641905
204.0,48.75,6.261945702032622,0.550479379641122
206.0,1.25,7.681343183447028,0.024708389992227263
206.0,3.75,7.680986354515588,0.024708879602451144
206.0,6.25,7.680935590818812,0.024711145114229293
206.0,8.75,7.6808982156460734,0.024716397614710187
206.0,11.25,7.681091508499371,0.024722707328391092
206.0,13.75,7.6785276762225,0.025366476662288324
206.0,16.25,7.670369823640079,0.027326711337240343
206.0,18.75,7.671429005454842,0.027331643868486993
206.0,21.25,7.67206452358254,0.027339868161188812
206.0,23.75,7.682226293492785,0.027336765077655877
206.0,26.25,7.690793703562437,0.027349754111460827
206.0,28.75,7.691730637609611,0.02735775290322066
206.0,31.25,7.687434360276938,0.027293643869551902
206.0,33.75,6.26195216636495,0.5504752298598181
206.0,36.25,6.261950319215425,0.5504764153182784
206.0,38.75,6.261948780104923,0.5504774032387014
206.0,41.25,6.261947548968807,0.550478193555162
206.0,43.75,6.261946625649479,0.5504787863555624
206.0,46.25,6.261945163250133,0.5504803077641905
206.0,48.75,6.261945702032622,0.550479379641122
208.0,1.25,7.682326060501718,0.024445405683582822
208.0,3.75,7.681976885603681,0.024445740446861992
208.0,6.25,7.681914127087506,0.02444791249554063
208.0,8.75,7.681887267814125,0.02445179591582325
208.0,11.25,7.682104043846583,0.024456003848803327
208.0,13.75,7.6785276762225,0.025366476662288324
208.0,16.25,7.670369823640079,0.027326711337240343
208.0,18.75,7.671429005454842,0.027331643868486993
208.0,21.25,7.67206452358254,0.027339868161188812
208.0,23.75,7.682226293492785,0.027336765077655877
208.0,26.25,7.690793703562437,0.027349754111460827
208.0,28.75,7.691730637609611,0.02735775290322066
208.0,31.25,7.687434360276938,0.027293643869551902
208.0,33.75,6.26195216636495,0.5504752298598181
208.0,36.25,6.261950319215425,0.5504764153182784
208.0,38.75,6.261948780104923,0.5504774032387014
208.0,41.25,6.261947548968807,0.550478193555162
208.0,43.75,6.261946625649479,0.5504787863555624
208.0,46.25,6.261945163250133,0.5504803077641905
208.0,48.75,6.261945702032622,0.550479379641122
210.0,1.25,7.682762475033538,0.024292174425716875
210.0,3.75,7.682446447694199,0.024292886374758217
210.0,6.25,7.682379050215645,0.024295483993671742
210.0,8.75,7.682355523228789,0.02429909553141318
210.0,11.25,7.682579253802143,0.024301984153587666
210.0,13.75,7.6785276762225,0.025366476662288324
210.0,16.25,7.670369823640079,0.027326711337240343
210.0,18.75,7.671429005454842,0.027331643868486993
210.0,21.25,7.67206452358254,0.027339868161188812
210.0,23.75,7.682226293492785,0.027336765077655877
210.0,26.25,7.690793703562437,0.027349754111460827
210.0,28.75,7.691730637609611,0.02735775290322066
210.0,31.25,7.687434360276938,0.027293643869551902
210.0,33.75,6.26195216636495,0.5504752298598181
210.0,36.25,6.261950319215425,0.5504764153182784
210.0,38.75,6.261948780104923,0.5504774032387014
210.0,41.25,6.261947548968807,0.550478193555162
210.0,43.75,6.261946625649479,0.5504787863555624
210.0,46.25,6.261945163250133,0.5504803077641905
210.0,48.75,6.261945702032622,0.550479379641122
212.0,1.25,7.682491953760657,0.02429214821718065
212.0,3.75,7.682179041567335,0.024292341803248647
212.0,6.25,7.682113503704711,0.024294594482833776
212.0,8.75,7.682090594686279,0.0242981318663628
212.0,11.25,7.682312458001396,0.02430148132663434
212.0,13.75,7.6785276762225,0.025366476662288324
212.0,16.25,7.670369823640079,0.027326711337240343
212.0,18.75,7.671429005454842,0.027331643868486993
212.0,21.25,7.67206452358254,0.027339868161188812
212.0,23.75,7.682226293492785,0.027336765077655877
212.0,26.25,7.690793703562437,0.027349754111460827
212.0,28.75,7.691730637609611,0.02735775290322066
212.0,31.25,7.687434360276938,0.027293643869551902
212.0,33.75,6.26195216636495,0.5504752298598181
212.0,36.25,6.261950319215425,0.5504764153182784
212.0,38.75,6.261948780104923,0.5504774032387014
212.0,41.25,6.261947548968807,0.550478193555162
212.0,43.75,6.261946625649479,0.5504787863555624
212.0,46.25,6.261945163250133,0.5504803077641905
212.0,48.75,6.261945702032622,0.550479379641122
214.0,1.25,7.682221803979557,0.024292160559250667
214.0,3.75,7.681909203307175,0.02429239688330108
214.0,6.25,7.6818434473393475,0.024294747635154115
214.0,8.75,7.681820182401324,0.02429840666320547
214.0,11.25,7.682041844150057,0.024301905703988325
214.0,13.75,7.6785276762225,0.025366476662288324
214.0,16.25,7.670369823640079,0.027326711337240343
214.0,18.75,7.671429005454842,0.027331643868486993
214.0,21.25,7.67206452358254,0.027339868161188812
214.0,23.75,7.682226293492785,0.027336765077655877
214.0,26.25,7.690793703562437,0.027349754111460827
214.0,28.75,7.691730637609611,0.02735775290322066
214.0,31.25,7.687434360276938,0.027293643869551902
214.0,33.75,6.26195216636495,0.5504752298598181
214.0,36.25,6.261950319215425,0.5504764153182784
214.0,38.75,6.261948780104923,0.5504774032387014
214.0,41.25,6.261947548968807,0.550478193555162
214.0,43.75,6.261946625649479,0.5504787863555624
214.0,46.25,6.261945163250133,0.5504803077641905
214.0,48.75,6.261945702032622,0.550479379641122
216.0,1.25,7.681951918073166,0.024292191607533816
216.0,3.75,7.6816395725262545,0.0242924815374545
216.0,6.25,7.681573541723102,0.024294942236036166
216.0,8.75,7.681549891807189,0.024298729772127707
216.0,11.25,7.682041844150057,0.024301905703988325
216.0,13.75,7.6785276762225,0.025366476662288324
216.0,16.25,7.670369823640079,0.027326711337240343
216.0,18.75,7.671429005454842,0.027331643868486993
216.0,21.25,7.67206452358254,0.027339868161188812
216.0,23.75,7.682226293492785,0.027336765077655877
216.0,26.25,7.690793703562437,0.027349754111460827
216.0,28.75,7.691730637609611,0.02735775290322066
216.0,31.25,7.687434360276938,0.027293643869551902
216.0,33.75,6.26195216636495,0.5504752298598181
216.0,36.25,6.261950319215425,0.5504764153182784
216.0,38.75,6.261948780104923,0.5504774032387014
216.0,41.25,6.261947548968807,0.550478193555162
216.0,43.75,6.261946625649479,0.5504787863555624
216.0,46.25,6.261945163250133,0.5504803077641905
216.0,48.75,6.261945702032622,0.550479379641122
218.0,1.25,7.6816823091988296,0.02429223736520252
218.0,3.75,7.681370211563771,0.0242925821289286
218.0,6.25,7.68130389136845,0.02429515580747997
218.0,8.75,7.6812798472679,0.024299075456949617
218.0,11.25,7.682041844150057,0.024301905703988325
218.0,13.75,7.6785276762225,0.025366476662288324
218.0,16.25,7.670369823640079,0.027326711337240343
218.0,18.75,7.671429005454842,0.027331643868486993
218.0,21.25,7.67206452358254,0.027339868161188812
218.0,23.75,7.682226293492785,0.027336765077655877
218.0,26.25,7.690793703562437,0.027349754111460827
218.0,28.75,7.691730637609611,0.02735775290322066
218.0,31.25,7.687434360276938,0.027293643869551902
218.0,33.75,6.26195216636495,0.5504752298598181
218.0,36.25,6.261950319215425,0.5504764153182784
218.0,38.75,6.261948780104923,0.5504774032387014
218.0,41.25,6.261947548968807,0.550478193555162
218.0,43.75,6.261946625649479,0.5504787863555624
218.0,46.25,6.261945163250133,0.5504803077641905
218.0,48.75,6.261945702032622,0.550479379641122
220.0,1.25,7.681412976422127,0.024292297831788705
220.0,3.75,7.681101120813528,0.02429269839664321
220.0,6.25,7.681034497605361,0.02429538790366842
220.0,8.75,7.681010051663371,0.024299443279292236
220.0,11.25,7.682041844150057,0.024301905703988325
220.0,13.75,7.6785276762225,0.025366476662288324
220.0,16.25,7.670369823640079,0.027326711337240343
220.0,18.75,7.671429005454842,0.027331643868486993
220.0,21.25,7.67206452358254,0.027339868161188812
220.0,23.75,7.682226293492785,0.027336765077655877
220.0,26.25,7.690793703562437,0.027349754111460827
220.0,28.75,7.691730637609611,0.02735775290322066
220.0,31.25,7.687434360276938,0.027293643869551902
220.0,33.75,6.26195216636495,0.5504752298598181
220.0,36.25,6.261950319215425,0.5504764153182784
220.0,38.75,6.261948780104923,0.5504774032387014
220.0,41.25,6.261947548968807,0.550478193555162
220.0,43.75,6.261946625649479,0.5504787863555624
220.0,46.25,6.261945163250133,0.5504803077641905
220.0,48.75,6.261945702032622,0.550479379641122
222.0,1.25,7.681143918600547,0.024292373078073026
222.0,3.75,7.680832299031675,0.0242928304336172
222.0,6.25,7.680765358861032,0.02429563870093715
222.0,8.75,7.6807405043101245,0.02429983362358837
222.0,11.25,7.682041844150057,0.024301905703988325
222.0,13.75,7.6785276762225,0.025366476662288324
222.0,16.25,7.670369823640079,0.027326711337240343
222.0,18.75,7.671429005454842,0.027331643868486993
222.0,21.25,7.67206452358254,0.027339868161188812
222.0,23.75,7.682226293492785,0.027336765077655877
222.0,26.25,7.690793703562437,0.027349754111460827
222.0,28.75,7.691730637609611,0.02735775290322066
222.0,31.25,7.687434360276938,0.027293643869551902
222.0,33.75,6.26195216636495,0.5504752298598181
222.0,36.25,6.261950319215425,0.5504764153182784
222.0,38.75,6.261948780104923,0.5504774032387014
222.0,41.25,6.261947548968807,0.550478193555162
222.0,43.75,6.261946625649479,0.5504787863555624
222.0,46.25,6.261945163250133,0.5504803077641905
222.0,48.75,6.261945702032622,0.550479379641122
224.0,1.25,7.6808751345735535,0.024292463180105556
224.0,3.75,7.680563744909021,0.024292978347181474
224.0,6.25,7.680496473462021,0.02429590839933836
224.0,8.75,7.680471204681398,0.024300246948060125
224.0,11.25,7.682041844150057,0.024301905703988325
224.0,13.75,7.6785276762225,0.025366476662288324
224.0,16.25,7.670369823640079,0.027326711337240343
224.0,18.75,7.671429005454842,0.027331643868486993
224.0,21.25,7.67206452358254,0.027339868161188812
224.0,23.75,7.682226293492785,0.027336765077655877
224.0,26.25,7.690793703562437,0.027349754111460827
224.0,28.75,7.691730637609611,0.02735775290322066
224.0,31.25,7.687434360276938,0.027293643869551902
224.0,33.75,6.26195216636495,0.5504752298598181
224.0,36.25,6.261950319215425,0.5504764153182784
224.0,38.75,6.261948780104923,0.5504774032387014
224.0,41.25,6.261947548968807,0.550478193555162
224.0,43.75,6.261946625649479,0.5504787863555624
224.0,46.25,6.261945163250133,0.5504803077641905
224.0,48.75,6.261945702032622,0.550479379641122
226.0,1.25,7.68060662315871,0.02429256821803313
226.0,3.75,7.680295457125281,0.024293142248293348
226.0,6.25,7.680227839704157,0.024296197208122254
226.0,8.75,7.680202152587789,0.024300683786548104
226.0,11.25,7.682041844150057,0.024301905703988325
226.0,13.75,7.6785276762225,0.025366476662288324
226.0,16.25,7.670369823640079,0.027326711337240343
226.0,18.75,7.671429005454842,0.027331643868486993
226.0,21.25,7.67206452358254,0.027339868161188812
226.0,23.75,7.682226293492785,0.027336765077655877
226.0,26.25,7.690793703562437,0.027349754111460827
226.0,28.75,7.691730637609611,0.02735775290322066
226.0,31.25,7.687434360276938,0.027293643869551902
226.0,33.75,6.26195216636495,0.5504752298598181
226.0,36.25,6.261950319215425,0.5504764153182784
226.0,38.75,6.261948780104923,0.5504774032387014
226.0,41.25,6.261947548968807,0.550478193555162
226.0,43.75,6.261946625649479,0.5504787863555624
226.0,46.25,6.261945163250133,0.5504803077641905
226.0,48.75,6.261945702032622,0.550479379641122
228.0,1.25,7.680338383160214,0.024292688276632293
228.0,3.75,7.680027434335664,0.024293322252886326
228.0,6.25,7.679959455853855,0.024296505345785823
228.0,8.75,7.679933348314262,0.024301144779683127
228.0,11.25,7.682041844150057,0.024301905703988325
228.0,13.75,7.6785276762225,0.025366476662288324
228.0,16.25,7.670369823640079,0.027326711337240343
228.0,18.75,7.671429005454842,0.027331643868486993
228.0,21.25,7.67206452358254,0.027339868161188812
228.0,23.75,7.682226293492785,0.027336765077655877
228.0,26.25,7.690793703562437,0.027349754111460827
228.0,28.75,7.691730637609611,0.02735775290322066
228.0,31.25,7.687434360276938,0.027293643869551902
228.0,33.75,6.26195216636495,0.5504752298598181
228.0,36.25,6.261950319215425,0.5504764153182784
228.0,38.75,6.261948780104923,0.5504774032387014
228.0,41.25,6.261947548968807,0.550478193555162
228.0,43.75,6.261946625649479,0.5504787863555624
228.0,46.25,6.261945163250133,0.5504803077641905
228.0,48.75,6.261945702032622,0.550479379641122
230.0,1.25,7.6800704133680355,0.024292823443132685
230.0,3.75,7.679759675145458,0.024293518488390044
230.0,6.25,7.679691320147711,0.024296833040497585
230.0,8.75,7.679664792782371,0.024301630733770584
230.0,11.25,7.682041844150057,0.024301905703988325
230.0,13.75,7.6785276762225,0.025366476662288324
230.0,16.25,7.670369823640079,0.027326711337240343
230.0,18.75,7.671429005454842,0.027331643868486993
230.0,21.25,7.67206452358254,0.027339868161188812
230.0,23.75,7.682226293492785,0.027336765077655877
230.0,26.25,7.690793703562437,0.027349754111460827
230.0,28.75,7.691730637609611,0.02735775290322066
230.0,31.25,7.687434360276938,0.027293643869551902
230.0,33.75,6.26195216636495,0.5504752298598181
230.0,36.25,6.261950319215425,0.5504764153182784
230.0,38.75,6.261948780104923,0.5504774032387014
230.0,41.25,6.261947548968807,0.550478193555162
230.0,43.75,6.261946625649479,0.5504787863555624
230.0,46.25,6.261945163250133,0.5504803077641905
230.0,48.75,6.261945702032622,0.550479379641122
232.0,1.25,7.679802712546169,0.024292973811939553
232.0,3.75,7.679492178182553,0.02429373107893582
232.0,6.25,7.679423430790209,0.02429718053104226
232.0,8.75,7.67939648780728,0.02430214271769259
232.0,11.25,7.682041844150057,0.024301905703988325
232.0,13.75,7.6785276762225,0.025366476662288324
232.0,16.25,7.670369823640079,0.027326711337240343
232.0,18.75,7.671429005454842,0.027331643868486993
232.0,21.25,7.67206452358254,0.027339868161188812
232.0,23.75,7.682226293492785,0.027336765077655877
232.0,26.25,7.690793703562437,0.027349754111460827
232.0,28.75,7.691730637609611,0.02735775290322066
232.0,31.25,7.687434360276938,0.027293643869551902
232.0,33.75,6.26195216636495,0.5504752298598181
232.0,36.25,6.261950319215425,0.5504764153182784
232.0,38.75,6.261948780104923,0.5504774032387014
232.0,41.25,6.261947548968807,0.550478193555162
232.0,43.75,6.261946625649479,0.5504787863555624
232.0,46.25,6.261945163250133,0.5504803077641905
232.0,48.75,6.261945702032622,0.550479379641122
234.0,1.25,7.679535279442228,0.024293139480290025
234.0,3.75,7.6792249420191885,0.02429396016016638
234.0,6.25,7.679155785956408,0.024297548065251705
234.0,8.75,7.6791284364516725,0.024302682251945835
234.0,11.25,7.682041844150057,0.024301905703988325
234.0,13.75,7.6785276762225,0.025366476662288324
234.0,16.25,7.670369823640079,0.027326711337240343
234.0,18.75,7.671429005454842,0.027331643868486993
234.0,21.25,7.67206452358254,0.027339868161188812
234.0,23.75,7.682226293492785,0.027336765077655877
234.0,26.25,7.690793703562437,0.027349754111460827
234.0,28.75,7.691730637609611,0.02735775290322066
234.0,31.25,7.687434360276938,0.027293643869551902
234.0,33.75,6.26195216636495,0.5504752298598181
234.0,36.25,6.261950319215425,0.5504764153182784
234.0,38.75,6.261948780104923,0.5504774032387014
234.0,41.25,6.261947548968807,0.550478193555162
234.0,43.75,6.261946625649479,0.5504787863555624
234.0,46.25,6.261945163250133,0.5504803077641905
234.0,48.75,6.261945702032622,0.550479379641122
236.0,1.25,7.679268112786716,0.024293320550615963
236.0,3.75,7.678957965208326,0.02429420587256425
236.0,6.25,7.6788883837971165,0.02429793590436205
236.0,8.75,7.678860643513492,0.024303251693243048
236.0,11.25,7.682041844150057,0.024301905703988325
236.0,13.75,7.6785276762225,0.025366476662288324
236.0,16.25,7.670369823640079,0.027326711337240343
236.0,18.75,7.671429005454842,0.027331643868486993
236.0,21.25,7.67206452358254,0.027339868161188812
236.0,23.75,7.682226293492785,0.027336765077655877
236.0,26.25,7.690793703562437,0.027349754111460827
236.0,28.75,7.691730637609611,0.02735775290322066
236.0,31.25,7.687434360276938,0.027293643869551902
236.0,33.75,6.26195216636495,0.5504752298598181
236.0,36.25,6.261950319215425,0.5504764153182784
236.0,38.75,6.261948780104923,0.5504774032387014
236.0,41.25,6.261947548968807,0.550478193555162
236.0,43.75,6.261946625649479,0.5504787863555624
236.0,46.25,6.261945163250133,0.5504803077641905
236.0,48.75,6.261945702032622,0.550479379641122
238.0,1.25,7.67900121128458,0.024293517130575773
238.0,3.75,7.678691246279713,0.024294468362868384
238.0,6.25,7.678621222430278,0.024298344320317865
238.0,8.75,7.678593116087639,0.024303855107682036
238.0,11.25,7.682041844150057,0.024301905703988325
238.0,13.75,7.6785276762225,0.025366476662288324
238.0,16.25,7.670369823640079,0.027326711337240343
238.0,18.75,7.671429005454842,0.027331643868486993
238.0,21.25,7.67206452358254,0.027339868161188812
238.0,23.75,7.682226293492785,0.027336765077655877
238.0,26.25,7.690793703562437,0.027349754111460827
238.0,28.75,7.691730637609611,0.02735775290322066
238.0,31.25,7.687434360276938,0.027293643869551902
238.0,33.75,6.26195216636495,0.5504752298598181
238.0,36.25,6.261950319215425,0.5504764153182784
238.0,38.75,6.261948780104923,0.5504774032387014
238.0,41.25,6.261947548968807,0.550478193555162
238.0,43.75,6.261946625649479,0.5504787863555624
238.0,46.25,6.261945163250133,0.5504803077641905
238.0,48.75,6.261945702032622,0.550479379641122
240.0,1.25,7.6787345736243715,0.024293729332644454
240.0,3.75,7.678424783726918,0.024294747784810108
240.0,6.25,7.678354299945616,0.024298773597856885
240.0,8.75,7.678325863636022,0.024304500549698755
240.0,11.25,7.682041844150057,0.024301905703988325
240.0,13.75,7.6785276762225,0.025366476662288324
240.0,16.25,7.670369823640079,0.027326711337240343
240.0,18.75,7.671429005454842,0.027331643868486993
240.0,21.25,7.67206452358254,0.027339868161188812
240.0,23.75,7.682226293492785,0.027336765077655877
240.0,26.25,7.690793703562437,0.027349754111460827
240.0,28.75,7.691730637609611,0.02735775290322066
240.0,31.25,7.687434360276938,0.027293643869551902
240.0,33.75,6.26195216636495,0.5504752298598181
240.0,36.25,6.261950319215425,0.5504764153182784
240.0,38.75,6.261948780104923,0.5504774032387014
240.0,41.25,6.261947548968807,0.550478193555162
240.0,43.75,6.261946625649479,0.5504787863555624
240.0,46.25,6.261945163250133,0.5504803077641905
240.0,48.75,6.261945702032622,0.550479379641122
242.0,1.25,7.678468198465658,0.024293957275216008
242.0,3.75,7.678158576022452,0.02429504429869076
242.0,6.25,7.6780876144059444,0.024299224035156136
242.0,8.75,7.678058893796677,0.024305207359406746
242.0,11.25,7.682041844150057,0.024301905703988325
242.0,13.75,7.6785276762225,0.025366476662288324
242.0,16.25,7.670369823640079,0.027326711337240343
242.0,18.75,7.671429005454842,0.027331643868486993
242.0,21.25,7.67206452358254,0.027339868161188812
242.0,23.75,7.682226293492785,0.027336765077655877
242.0,26.25,7.690793703562437,0.027349754111460827
242.0,28.75,7.691730637609611,0.02735775290322066
242.0,31.25,7.687434360276938,0.027293643869551902
242.0,33.75,6.26195216636495,0.5504752298598181
242.0,36.25,6.261950319215425,0.5504764153182784
242.0,38.75,6.261948780104923,0.5504774032387014
242.0,41.25,6.261947548968807,0.550478193555162
242.0,43.75,6.261946625649479,0.5504787863555624
242.0,46.25,6.261945163250133,0.5504803077641905
242.0,48.75,6.261945702032622,0.550479379641122
244.0,1.25,7.678202084446622,0.024294201081788425
244.0,3.75,7.677892621603917,0.024295358072224278
244.0,6.25,7.677821163849484,0.024299695944714404
244.0,8.75,7.678058893796677,0.024305207359406746
244.0,11.25,7.682041844150057,0.024301905703988325
244.0,13.75,7.6785276762225,0.025366476662288324
244.0,16.25,7.670369823640079,0.027326711337240343
244.0,18.75,7.671429005454842,0.027331643868486993
244.0,21.25,7.67206452358254,0.027339868161188812
244.0,23.75,7.682226293492785,0.027336765077655877
244.0,26.25,7.690793703562437,0.027349754111460827
244.0,28.75,7.691730637609611,0.02735775290322066
244.0,31.25,7.687434360276938,0.027293643869551902
244.0,33.75,6.26195216636495,0.5504752298598181
244.0,36.25,6.261950319215425,0.5504764153182784
244.0,38.75,6.261948780104923,0.5504774032387014
244.0,41.25,6.261947548968807,0.550478193555162
244.0,43.75,6.261946625649479,0.5504787863555624
244.0,46.25,6.261945163250133,0.5504803077641905
244.0,48.75,6.261945702032622,0.550479379641122
246.0,1.25,7.677936230179838,0.02429446088204717
246.0,3.75,7.677626918880673,0.024295689280641256
246.0,6.25,7.677554946292781,0.02430018965443001
246.0,8.75,7.678058893796677,0.024305207359406746
246.0,11.25,7.682041844150057,0.024301905703988325
246.0,13.75,7.6785276762225,0.025366476662288324
246.0,16.25,7.670369823640079,0.027326711337240343
246.0,18.75,7.671429005454842,0.027331643868486993
246.0,21.25,7.67206452358254,0.027339868161188812
246.0,23.75,7.682226293492785,0.027336765077655877
246.0,26.25,7.690793703562437,0.027349754111460827
246.0,28.75,7.691730637609611,0.02735775290322066
246.0,31.25,7.687434360276938,0.027293643869551902
246.0,33.75,6.26195216636495,0.5504752298598181
246.0,36.25,6.261950319215425,0.5504764153182784
246.0,38.75,6.261948780104923,0.5504774032387014
246.0,41.25,6.261947548968807,0.550478193555162
246.0,43.75,6.261946625649479,0.5504787863555624
246.0,46.25,6.261945163250133,0.5504803077641905
246.0,48.75,6.261945702032622,0.550479379641122
248.0,1.25,7.677670634252009,0.02429473681167047
248.0,3.75,7.67736146622273,0.02429603810689911
248.0,6.25,7.677288959734842,0.024300705508841183
248.0,8.75,7.678058893796677,0.024305207359406746
248.0,11.25,7.682041844150057,0.024301905703988325
248.0,13.75,7.6785276762225,0.025366476662288324
248.0,16.25,7.670369823640079,0.027326711337240343
248.0,18.75,7.671429005454842,0.027331643868486993
248.0,21.25,7.67206452358254,0.027339868161188812
248.0,23.75,7.682226293492785,0.027336765077655877
248.0,26.25,7.690793703562437,0.027349754111460827
248.0,28.75,7.691730637609611,0.02735775290322066
248.0,31.25,7.687434360276938,0.027293643869551902
248.0,33.75,6.26195216636495,0.5504752298598181
248.0,36.25,6.261950319215425,0.5504764153182784
248.0,38.75,6.261948780104923,0.5504774032387014
248.0,41.25,6.261947548968807,0.550478193555162
248.0,43.75,6.261946625649479,0.5504787863555624
248.0,46.25,6.261945163250133,0.5504803077641905
248.0,48.75,6.261945702032622,0.550479379641122
250.0,1.25,7.6774052952244025,0.024295029013071817
250.0,3.75,7.6770962619690115,0.02429640474226805
250.0,6.25,7.677023202162466,0.024301243870667896
250.0,8.75,7.678058893796677,0.024305207359406746
250.0,11.25,7.682041844150057,0.024301905703988325
250.0,13.75,7.6785276762225,0.025366476662288324
250.0,16.25,7.670369823640079,0.027326711337240343
250.0,18.75,7.671429005454842,0.027331643868486993
250.0,21.25,7.67206452358254,0.027339868161188812
250.0,23.75,7.682226293492785,0.027336765077655877
250.0,26.25,7.690793703562437,0.027349754111460827
250.0,28.75,7.691730637609611,0.02735775290322066
250.0,31.25,7.687434360276938,0.027293643869551902
250.0,33.75,6.26195216636495,0.5504752298598181
250.0,36.25,6.261950319215425,0.5504764153182784
250.0,38.75,6.261948780104923,0.5504774032387014
250.0,41.25,6.261947548968807,0.550478193555162
250.0,43.75,6.261946625649479,0.5504787863555624
250.0,46.25,6.261945163250133,0.5504803077641905
250.0,48.75,6.261945702032622,0.550479379641122
