time_days,distance_m,ph,dic_mmol_kgw
2.0,1.25,6.058231967539216,0.9088109247523185
2.0,3.75,6.061336461261088,0.901769017967021
2.0,6.25,6.062227207621302,0.8997445604757042
2.0,8.75,6.048271236636858,0.9318958186650231
2.0,11.25,6.048365639859505,0.9316686226687426
2.0,13.75,6.0483592311418155,0.9316785433330297
2.0,16.25,6.04839662598505,0.9315859569398881
2.0,18.75,6.048397141922097,0.931580309262732
2.0,21.25,6.048396392087029,0.9315779782174696
2.0,23.75,6.048395412525321,0.931576532969388
2.0,26.25,6.048394452312403,0.9315753815021354
2.0,28.75,6.0483619061634935,0.9316487355862049
2.0,31.25,6.048361123919181,0.9316478490524063
2.0,33.75,6.048392107434813,0.9315727121686521
2.0,36.25,6.048359850835839,0.931646415177516
2.0,38.75,6.04839102949371,0.9315715016690508
2.0,41.25,6.048390637601626,0.9315710617672932
2.0,43.75,6.048390343704077,0.9315707319586144
2.0,46.25,6.048390147762572,0.9315705121882291
2.0,48.75,6.048390049750485,0.9315704024220457
4.0,1.25,6.636761840382116,0.22639566547788534
4.0,3.75,6.630202142333079,0.22987866964142442
4.0,6.25,6.62885721757297,0.23060067177838486
4.0,8.75,6.112426044890034,0.7957460302060343
4.0,11.25,6.101775223504013,0.817124999308213
4.0,13.75,6.1018082760593115,0.8170530881962174
4.0,16.25,6.101833837627399,0.8169967520940778
4.0,18.75,6.101836419930674,0.8169876376132135
4.0,21.25,6.101835899221313,0.8169851570790336
4.0,23.75,6.101834348695744,0.8169850754693454
4.0,26.25,6.101832609061135,0.8169856755749302
4.0,28.75,6.101827404493099,0.8169937177593473
4.0,31.25,6.101828333226526,0.8169894713277811
4.0,33.75,6.101830426808683,0.8169830481230153
4.0,36.25,6.1018245742186945,0.8169932895208929
4.0,38.75,6.10182765313431,0.816985451732491
4.0,41.25,6.101825495720371,0.8169886611839973
4.0,43.75,6.101824811660842,0.8169891696428836
4.0,46.25,6.101824434431212,0.81698934814532
4.0,48.75,6.101824236445867,0.8169894566351417
6.0,1.25,7.269557207298034,0.055220567669941004
6.0,3.75,7.266661786490003,0.05557890331730373
6.0,6.25,7.269636410525634,0.05525854314101023
6.0,8.75,6.461981934379331,0.3417871290209371
6.0,11.25,6.128835817044311,0.7658513088932922
6.0,13.75,6.116514757008454,0.7896261366076702
6.0,16.25,6.116160877367722,0.7903159245140075
6.0,18.75,6.116086428623508,0.7904583617243409
6.0,21.25,6.116070454117604,0.7904863900850645
6.0,23.75,6.116065683190236,0.7904927459637994
6.0,26.25,6.116062897527637,0.790495488115925
6.0,28.75,6.116064718507676,0.7904895706753781
6.0,31.25,6.11606659341073,0.7904837158106269
6.0,33.75,6.116060602237452,0.7904934517764544
6.0,36.25,6.1160612838026385,0.790490581865919
6.0,38.75,6.116056522341361,0.7904984572418579
6.0,41.25,6.116053150638489,0.7905039804453234
6.0,43.75,6.1160521019532466,0.790505220126516
6.0,46.25,6.116051563730248,0.7905057308308945
6.0,48.75,6.116051288544552,0.7905059981875959
8.0,1.25,7.5131307884409955,0.03322068122508593
8.0,3.75,7.509858312230233,0.033446216724971174
8.0,6.25,7.511332467657835,0.0333733251157641
8.0,8.75,7.197048065341388,0.06469917956647103
8.0,11.25,6.453724149046377,0.3494225375614038
8.0,13.75,6.132844843601144,0.7600981811759202
8.0,16.25,6.119988182267304,0.7847111080317312
8.0,18.75,6.119484445126063,0.7856883319230437
8.0,21.25,6.119375833948883,0.7858967462665626
8.0,23.75,6.1193522019185345,0.7859398719341798
8.0,26.25,6.119345641518642,0.7859500223556617
8.0,28.75,6.119348131913583,0.7859429023464493
8.0,31.25,6.119350250870183,0.7859366793249306
8.0,33.75,6.119342559308768,0.7859497247442233
8.0,36.25,6.119344261971225,0.7859449247478737
8.0,38.75,6.119337689814936,0.7859563189822357
8.0,41.25,6.119333670047868,0.785963098376188
8.0,43.75,6.119332339138263,0.7859649025873185
8.0,46.25,6.119331686842695,0.7859656473811328
8.0,48.75,6.119331359417744,0.7859660223628159
10.0,1.25,7.638252837853798,0.02594457276582377
10.0,3.75,7.635398425648214,0.026090669036208318
10.0,6.25,7.636234489248965,0.026068037504961738
10.0,8.75,7.477671357158059,0.03578204203981926
10.0,11.25,7.1966664187936145,0.0649642722106585
10.0,13.75,6.448533022781503,0.354627309447022
10.0,16.25,6.122541834779268,0.7815846926725921
10.0,18.75,6.120294292173695,0.7859474179042945
10.0,21.25,6.119812746670039,0.7868829453368229
10.0,23.75,6.119711737683199,0.787077136897875
10.0,26.25,6.119690118866611,0.7871167459473613
10.0,28.75,6.11968978083172,0.7871152127481946
10.0,31.25,6.119691531190873,0.7871097668655778
10.0,33.75,6.11968380302442,0.7871229567961414
10.0,36.25,6.1196852232991805,0.7871187556859525
10.0,38.75,6.119678422121028,0.7871306473087146
10.0,41.25,6.119674033192935,0.7871381873841712
10.0,43.75,6.119672472232434,0.7871404673051032
10.0,46.25,6.1196717310700395,0.7871414028793257
10.0,48.75,6.1196713645439225,0.7871418628559682
12.0,1.25,7.660955410940485,0.024690652304566293
12.0,3.75,7.66119226733723,0.024689092308863958
12.0,6.25,7.661544362901821,0.024689642821945655
12.0,8.75,7.615880474127524,0.02715213361083484
12.0,11.25,7.478585726744103,0.03585317235993455
12.0,13.75,7.198597166912967,0.06489226724891681
12.0,16.25,6.141674839850167,0.7471615254502096
12.0,18.75,6.121583520867369,0.7852729254411493
12.0,21.25,6.119735767136213,0.7888737471271575
12.0,23.75,6.119351333354104,0.7896228552155973
12.0,26.25,6.1192744268099695,0.7897708164524344
12.0,28.75,6.119263669477879,0.7897896980279553
12.0,31.25,6.119263735273708,0.7897875631904541
12.0,33.75,6.119256209640454,0.7898004305696144
12.0,36.25,6.119257076293807,0.7897973230061748
12.0,38.75,6.119250429825173,0.7898089704457193
12.0,41.25,6.1192457931890925,0.7898170349163417
12.0,43.75,6.119244027939577,0.7898197338689487
12.0,46.25,6.119243207682756,0.7898208351866333
12.0,48.75,6.119242807681082,0.7898213661247726
14.0,1.25,7.654983222333606,0.024770324468639502
14.0,3.75,7.655238103105082,0.024768641632495116
14.0,6.25,7.6555815950115536,0.024769059155465727
14.0,8.75,7.660831155325268,0.02479045209046948
14.0,11.25,7.616872370704333,0.02720558073453315
14.0,13.75,7.480604291942456,0.03583070079386489
14.0,16.25,6.464312176696546,0.34335902064716456
14.0,18.75,6.124641438143424,0.7811761915253962
14.0,21.25,6.119769859466378,0.7906556276382597
14.0,23.75,6.118861205181372,0.7924347681332895
14.0,26.25,6.118678946553583,0.7927901598504559
14.0,28.75,6.118649212841632,0.7928463866909896
14.0,31.25,6.118646544723813,0.7928496302207738
14.0,33.75,6.1186392708335156,0.7928620719062498
14.0,36.25,6.118639572546484,0.7928600673291408
14.0,38.75,6.1186331763560196,0.792871281870914
14.0,41.25,6.1186283453407535,0.7928797651005304
14.0,43.75,6.118626391461543,0.7928828501695493
14.0,46.25,6.118625499121167,0.7928841008945001
14.0,48.75,6.118625069519919,0.7928846938094777
16.0,1.25,7.6490874868654455,0.02485251148803917
16.0,3.75,7.649359248941477,0.024850642406642292
16.0,6.25,7.6496952361007935,0.024850939054368016
16.0,8.75,7.654800471636012,0.02487068857868535
16.0,11.25,7.660611013753433,0.024894903064129625
16.0,13.75,7.6185107301283495,0.027216701812930358
16.0,16.25,7.206063553187356,0.06424549661824547
16.0,18.75,6.133633275992921,0.7657718357089389
16.0,21.25,6.120749584408089,0.7905949895007938
16.0,23.75,6.118515213611648,0.7949797341617441
16.0,26.25,6.118080128452008,0.7958345285940535
16.0,28.75,6.118005619343311,0.7959792631982273
16.0,31.25,6.117996272471939,0.7959957099941649
16.0,33.75,6.117988758359,0.7960086983481045
16.0,36.25,6.1179885196089385,0.7960077700586962
16.0,38.75,6.117982360830444,0.7960185752153491
16.0,41.25,6.11797737067432,0.7960274164504133
16.0,43.75,6.117975236251633,0.7960308784927164
16.0,46.25,6.117974271979891,0.7960322819810562
16.0,48.75,6.1179738136483826,0.7960329368849357
18.0,1.25,7.643261173327748,0.024937538741833343
18.0,3.75,7.64354923205465,0.024935464145806746
18.0,6.25,7.643878165046349,0.024935648009033307
18.0,8.75,7.648852948049719,0.024953277794949155
18.0,11.25,7.654544273280449,0.024975716122619018
18.0,13.75,7.660216091584064,0.02499968658737977
18.0,16.25,7.485238121926162,0.0357491174609715
18.0,18.75,6.172612619627756,0.6972247337181658
18.0,21.25,6.1238670828796105,0.7863736758946627
18.0,23.75,6.118580934202521,0.7967291887515725
18.0,26.25,6.117558506740195,0.7987467087324571
18.0,28.75,6.117379740761928,0.7990982818168066
18.0,31.25,6.117354443671628,0.7991463749205743
18.0,33.75,6.117345450511784,0.7991623603086716
18.0,36.25,6.117344621938531,0.7991626122001498
18.0,38.75,6.117338661742127,0.7991730788348517
18.0,41.25,6.117333537125093,0.7991822296478125
18.0,43.75,6.117331227239208,0.7991860598257569
18.0,46.25,6.1173301891149805,0.7991876199644237
18.0,48.75,6.117329701781195,0.7991883373342986
20.0,1.25,7.637497860632923,0.025025611594287428
20.0,3.75,7.6378021171347275,0.025023313178294867
20.0,6.25,7.638124270954634,0.0250233887787442
20.0,8.75,7.642977935635065,0.025039021453591895
20.0,11.25,7.648559988447078,0.025059183526698885
20.0,13.75,7.654123381749666,0.025081384940450775
20.0,16.25,7.621943238559569,0.0272317538126579
20.0,18.75,6.693759662044371,0.2026996401638297
20.0,21.25,6.129270269658347,0.7777872006654811
20.0,23.75,6.119228167660738,0.79734791737342
20.0,26.25,6.117181064122159,0.8013968322738008
20.0,28.75,6.116794094216762,0.8021629837814777
20.0,31.25,6.116733052230406,0.802282268380081
20.0,33.75,6.1167195230882285,0.8023073376962072
20.0,36.25,6.116717806588721,0.8023093684608068
20.0,38.75,6.116711981775803,0.8023196158131118
20.0,41.25,6.116706741921928,0.8023290371129989
20.0,43.75,6.116704261574367,0.8023332259698729
20.0,46.25,6.11670314779203,0.8023349460460323
20.0,48.75,6.116702631076162,0.8023357263639334
22.0,1.25,7.631796711168942,0.02511593996492104
22.0,3.75,7.632117419915489,0.0251134005057174
22.0,6.25,7.6324330913766225,0.02511336985215356
22.0,8.75,7.63717436495591,0.025127114076664833
22.0,11.25,7.642653520783382,0.025145102372691814
22.0,13.75,7.648116984101335,0.025165049905129827
22.0,16.25,7.659332521356558,0.02521240102618656
22.0,18.75,7.296566263989401,0.05351976735615508
22.0,21.25,6.149155734420001,0.7422801149229158
22.0,23.75,6.120961397912018,0.7958269622626223
22.0,26.25,6.117040240818622,0.8035850805331296
22.0,28.75,6.116268419958,0.805119922946799
22.0,31.25,6.116137627529242,0.8053787126896186
22.0,33.75,6.116113982168117,0.8054240676865897
22.0,36.25,6.116110701685581,0.8054292481740373
22.0,38.75,6.1161049110554835,0.8054394842822664
22.0,41.25,6.116099567304043,0.8054491612626103
22.0,43.75,6.116096922027833,0.8054537049746702
22.0,46.25,6.116095731168346,0.8054555920994328
22.0,48.75,6.116095184687717,0.8054564381486415
24.0,1.25,7.626147816439431,0.025209270812276287
24.0,3.75,7.62648550818736,0.02520647342230883
24.0,6.25,7.626795094574033,0.025206337039495114
24.0,8.75,7.631432412165248,0.025218289412251123
24.0,11.25,7.636815243543998,0.02523420017711639
24.0,13.75,7.642184163206494,0.025251990369122783
24.0,16.25,7.653147173748121,0.02529506252169791
24.0,18.75,7.527963277971367,0.033194986270275444
24.0,21.25,6.426216506808768,0.3808811139324043
24.0,23.75,6.124477871064174,0.7908319326496869
24.0,26.25,6.117273921338039,0.8050472883434187
24.0,28.75,6.11583481512311,0.807917715483778
24.0,31.25,6.115575018302393,0.8084354775327743
24.0,33.75,6.115530629146229,0.8085225165501726
24.0,36.25,6.115524292589162,0.8085338432200494
24.0,38.75,6.115518339645259,0.8085444523495116
24.0,41.25,6.1155128884610175,0.8085543860529146
24.0,43.75,6.115510082440242,0.8085592730490292
24.0,46.25,6.115508812745431,0.8085613281608127
24.0,48.75,6.1155082358445885,0.8085622398380661
26.0,1.25,7.62055006869514,0.025304732724707735
26.0,3.75,7.620905543509076,0.02530166155898688
26.0,6.25,7.621209578864264,0.025301419056652952
26.0,8.75,7.625751256449939,0.025311664221060307
26.0,11.25,7.631044542089514,0.025325583282043367
26.0,13.75,7.63632466348743,0.0253413062884256
26.0,16.25,7.64705352872567,0.025379815401317483
26.0,18.75,7.6485631762759105,0.026187435789403576
26.0,21.25,7.216091502931702,0.06391343274773885
26.0,23.75,6.131465860337814,0.779154288550846
26.0,26.25,6.118112102031201,0.8053065051224078
26.0,28.75,6.115534965278307,0.8104558961278776
26.0,31.25,6.11505140061688,0.811424439216124
26.0,33.75,6.1149691926365035,0.8115877551688474
26.0,36.25,6.114957261392849,0.8116103795640087
26.0,38.75,6.114950815281705,0.811622038670911
26.0,41.25,6.114945237522968,0.8116322762200788
26.0,43.75,6.114942275933478,0.8116375037404432
26.0,46.25,6.1149409268216095,0.8116397327318075
26.0,48.75,6.114940319281505,0.8116407127107126
28.0,1.25,7.614997142675698,0.025402269434470486
28.0,3.75,7.615371506369456,0.02539890831383954
28.0,6.25,7.61567068480465,0.02539855864073289
28.0,8.75,7.620125229943936,0.025407171808323793
28.0,11.25,7.625336112023544,0.02541917683372214
28.0,13.75,7.630533590771653,0.025432917187624443
28.0,16.25,7.641044481566544,0.025467080502474992
28.0,18.75,7.657736620708368,0.025536682324728714
28.0,21.25,7.49390047176203,0.035826770429901914
28.0,23.75,6.147426042279818,0.7508380109419832
28.0,26.25,6.120323727572553,0.8028349836590708
28.0,28.75,6.115479978889269,0.8125083382195633
28.0,31.25,6.114583949724795,0.8143097339388743
28.0,33.75,6.114432948580253,0.8146122633199931
28.0,36.25,6.114410901132968,0.8146553758833884
28.0,38.75,6.1144033817009165,0.8146692618869946
28.0,41.25,6.11439762841252,0.8146799035842609
28.0,43.75,6.114394513926122,0.8146854681802188
28.0,46.25,6.11439308434798,0.8146878741634525
28.0,48.75,6.1143924456264,0.8146889239181516
30.0,1.25,7.609475982977716,0.02550283870890592
30.0,3.75,7.609870707810138,0.025499171012095256
30.0,6.25,7.610165897810035,0.025498712628500137
30.0,8.75,7.614542329906712,0.025505760132798632
30.0,11.25,7.61967854857232,0.025515920683515516
30.0,13.75,7.624800026819764,0.025527755696986336
30.0,16.25,7.635110173146298,0.025557779021703243
30.0,18.75,7.651432058084852,0.025620270251557303
30.0,21.25,7.62924055182655,0.027394055343466006
30.0,23.75,6.182408787482237,0.6905935683303939
30.0,26.25,6.123783985040284,0.7979259658968089
30.0,28.75,6.115741133119642,0.8139459035904996
30.0,31.25,6.114190265966194,0.8170723563241085
30.0,33.75,6.1139241565687215,0.8176086378482046
30.0,36.25,6.11388477313319,0.8176869695025264
30.0,38.75,6.113875231206144,0.8177050056617688
30.0,41.25,6.1138692119342295,0.8177162285845211
30.0,43.75,6.113865943010125,0.8177221288934242
30.0,46.25,6.113864431940408,0.8177247106917638
30.0,48.75,6.113863761544508,0.8177258294558166
32.0,1.25,7.603978525138386,0.02560629689349729
32.0,3.75,7.60439555621706,0.025602304989089632
32.0,6.25,7.604687833028756,0.025601735674857077
32.0,8.75,7.608995953857352,0.025607274322675025
32.0,11.25,7.614066065261121,0.025615650920019824
32.0,13.75,7.61911880628544,0.025625649158367906
32.0,16.25,7.629246613585756,0.025651722273561474
32.0,18.75,7.645214377812494,0.025707290333052604
32.0,21.25,7.65810124336729,0.025763965400465095
32.0,23.75,6.696664811121817,0.20466955658115296
32.0,26.25,6.128378956264863,0.7908497375756958
32.0,28.75,6.116345180598829,0.8147096575407957
32.0,31.25,6.113888832341519,0.8196711991683464
32.0,33.75,6.113444617018893,0.8205704600126676
32.0,36.25,6.113376408771212,0.8207075692302667
32.0,38.75,6.113363212201351,0.8207330970363081
32.0,41.25,6.11335675687026,0.820745251948237
32.0,43.75,6.113353324261596,0.8207515096736573
32.0,46.25,6.113351731066935,0.8207542702325575
32.0,48.75,6.113351028777977,0.820755459167876
34.0,1.25,7.598498483056555,0.025711911598540842
34.0,3.75,7.598940384361862,0.02570757617928035
34.0,6.25,7.599231074277781,0.025706893025930558
34.0,8.75,7.603481822457287,0.025710969747208125
34.0,11.25,7.6084955029889425,0.02571761381028724
34.0,13.75,7.6134875952496435,0.025725835199994065
34.0,16.25,7.623452932389534,0.025748130600863128
34.0,18.75,7.639081089575439,0.02579706210386399
34.0,21.25,7.65176234700981,0.025848714765066765
34.0,23.75,7.312595726739384,0.052752068128455114
34.0,26.25,6.136583220137286,0.7768831171464391
34.0,28.75,6.117486941529476,0.8143929553448465
34.0,31.25,6.113707379354825,0.8220352356609574
34.0,33.75,6.112998897695787,0.8234748278443402
34.0,36.25,6.112886006533562,0.8237034074441153
34.0,38.75,6.112866776836822,0.8237413279284979
34.0,41.25,6.112859615213161,0.8237549782557191
34.0,43.75,6.112855999198422,0.8237616403724671
34.0,46.25,6.112854322703423,0.8237645862049491
34.0,48.75,6.112853588128574,0.8237658480375447
36.0,1.25,7.593020577347089,0.025820167599051636
36.0,3.75,7.593490728920054,0.02581546562545634
36.0,6.25,7.593781475302238,0.025814664617627735
36.0,8.75,7.597987429624165,0.025817315578865366
36.0,11.25,7.602955905745503,0.025822269187216175
36.0,13.75,7.607896573511063,0.02582876559824027
36.0,16.25,7.617721571291865,0.025847440255698365
36.0,18.75,7.633024277548524,0.02589000612385523
36.0,21.25,7.645510130022066,0.025936410732763898
36.0,23.75,7.540062496658923,0.03312213512485985
36.0,26.25,6.150733317257841,0.7520822230172391
36.0,28.75,6.1195916906328325,0.8121539326590841
36.0,31.25,6.113707099896374,0.8240466637097642
36.0,33.75,6.11259706651495,0.8263092546117333
36.0,36.25,6.112415891928512,0.8266781130162035
36.0,38.75,6.112387094443972,0.8267357255802683
36.0,41.25,6.11237880577557,0.8267517381602523
36.0,43.75,6.112374970288003,0.826758877839245
36.0,46.25,6.112373207963113,0.8267620131181573
36.0,48.75,6.112372440412174,0.8267633486332892
38.0,1.25,7.587529813293986,0.025930999233297405
38.0,3.75,7.588032664038103,0.025925903043605737
38.0,6.25,7.588325521553704,0.02592497863380826
38.0,8.75,7.592501447808652,0.02592622660437402
38.0,11.25,7.597437988219773,0.02592951991179374
38.0,13.75,7.602337962193142,0.025934332918319272
38.0,16.25,7.612047683627704,0.025949524362268377
38.0,18.75,7.6270384387024475,0.025985974814937748
38.0,21.25,7.639338154128496,0.026027299691716497
38.0,23.75,7.6581458358317755,0.02629551433970827
38.0,26.25,6.182787898443165,0.69684167739855
38.0,28.75,6.122578812772472,0.8081708190935567
38.0,31.25,6.113926300005537,0.8256234164268803
38.0,33.75,6.112247584433196,0.8290540453593035
38.0,36.25,6.111966289958321,0.829629327479576
38.0,38.75,6.1119229584975905,0.8297169467909783
38.0,41.25,6.1119129262051715,0.8297366015968706
38.0,43.75,6.111908815198055,0.8297443374940803
38.0,46.25,6.111906964036721,0.8297476698199391
38.0,48.75,6.1119061630821045,0.8297490804958123
40.0,1.25,7.582005053712448,0.026044792042069248
40.0,3.75,7.582546457173234,0.026039266794332123
40.0,6.25,7.582844021440049,0.02603821117988866
40.0,8.75,7.58700760314311,0.02603806216235459
40.0,11.25,7.591928169523972,0.02603971081822716
40.0,13.75,7.596800180315112,0.02604287037947815
40.0,16.25,7.606423705756257,0.02605469497470081
40.0,18.75,7.62111538302264,0.026085260916573972
40.0,21.25,7.633239745737453,0.02612166861735592
40.0,23.75,7.6551152011911014,0.026213354116838398
40.0,26.25,6.695759888463761,0.20737666252769393
40.0,28.75,6.126401107292359,0.8025721912599454
40.0,31.25,6.1143841718199035,0.8267304150719711
40.0,33.75,6.111962064343223,0.8316906476916756
40.0,36.25,6.111539227741421,0.8325587765807658
40.0,38.75,6.111474215729503,0.832691299313709
40.0,41.25,6.11146150453652,0.832716541149684
40.0,43.75,6.111457027188906,0.8327250622070467
40.0,46.25,6.111455081709226,0.832728602629213
40.0,48.75,6.111454246676574,0.832730089573067
42.0,1.25,7.576426934124388,0.02616078365959499
42.0,3.75,7.5770145841584835,0.02615478440664152
42.0,6.25,7.577320166061752,0.026153586361430545
42.0,8.75,7.581492868341575,0.026152024214606377
42.0,11.25,7.5864169013043155,0.026152024843456866
42.0,13.75,7.591276285118288,0.026153546244226764
42.0,16.25,7.6008478691703285,0.02616209397091216
42.0,18.75,7.615252384606806,0.026186984419921514
42.0,21.25,7.627213806390487,0.026218626441757986
42.0,23.75,7.648635882552498,0.026300644396888576
42.0,26.25,7.319103802742664,0.05269343910592539
42.0,28.75,6.132964320668355,0.7916371827347926
42.0,31.25,6.115199040776623,0.8271095107138727
42.0,33.75,6.111753654655783,0.8341760094841929
42.0,36.25,6.111135609830951,0.8354493566544301
42.0,38.75,6.111039693276369,0.835646119580661
42.0,41.25,6.1110230442617555,0.8356795893304918
42.0,43.75,6.111018073225859,0.8356891689354458
42.0,46.25,6.111016024853257,0.8356929396602176
42.0,48.75,6.111015155232516,0.835694506004519
44.0,1.25,7.5707625729743455,0.026279554432441368
44.0,3.75,7.571406573389603,0.026273020371384567
44.0,6.25,7.571724429042957,0.026271663495413967
44.0,8.75,7.575932686932358,0.026268642378217556
44.0,11.25,7.580884165493797,0.026266966711142065
44.0,13.75,7.5857496727783005,0.026266847259224686
44.0,16.25,7.595310611338276,0.026272177418303722
44.0,18.75,7.609439212621742,0.026291583925738465
44.0,21.25,7.621252130583593,0.026318603913331035
44.0,23.75,7.64224661465169,0.026391329232738923
44.0,26.25,7.545369879089827,0.0332258866923605
44.0,28.75,6.144918381818225,0.7705620460458658
44.0,31.25,6.116716387348989,0.8260647177425536
44.0,33.75,6.111661155959302,0.836437397110425
44.0,36.25,6.110761316811291,0.8382971401223871
44.0,38.75,6.110621298391753,0.8385858738378429
44.0,41.25,6.110598948372235,0.838631271388688
44.0,43.75,6.1105933002375235,0.8386422939752081
44.0,46.25,6.1105911343300345,0.8386463246882252
44.0,48.75,6.110590229006755,0.8386479722147789
46.0,1.25,7.564973747746438,0.026401246418248453
46.0,3.75,7.56568733975214,0.026394094981095805
46.0,6.25,7.56602297075662,0.026392555408049093
46.0,8.75,7.570299624459443,0.026387988267871455
46.0,11.25,7.575308366780808,0.026384573389288974
46.0,13.75,7.580203166221176,0.026382785364433652
46.0,16.25,7.589803888743144,0.026384915390635547
46.0,18.75,7.603666998765103,0.026399009351402058
46.0,21.25,7.61534837008931,0.026421537982555386
46.0,23.75,7.635942220733544,0.026485355332483425
46.0,26.25,7.659526305968227,0.02659102553567015
46.0,28.75,6.158049671117607,0.7478807887306042
46.0,31.25,6.118898560712313,0.8236795363742443
46.0,33.75,6.111709804176907,0.8384205617435817
46.0,36.25,6.110420160728988,0.8410933986438229
46.0,38.75,6.110218450200037,0.8415112176252214
46.0,41.25,6.1101880154985135,0.841573571336829
46.0,43.75,6.110181437449739,0.8415865726387513
46.0,46.25,6.110179133867281,0.841590906808967
46.0,48.75,6.110178191818921,0.8415926380727193
48.0,1.25,7.559010189319618,0.026526387454989538
48.0,3.75,7.559810695248366,0.02651850421928661
48.0,6.25,7.560171242512061,0.026516746970351234
48.0,8.75,7.5645573846711756,0.026510489058014067
48.0,11.25,7.569660719344671,0.026505224092741735
48.0,13.75,7.574613685410383,0.026501705968595645
48.0,16.25,7.584316599233494,0.02650059746656197
48.0,18.75,7.59792378952696,0.026509530814868853
48.0,21.25,7.6094936869122645,0.02652768297319026
48.0,23.75,7.6297160419284245,0.02658295224862195
48.0,26.25,7.652849516113158,0.02668093093115819
48.0,28.75,6.171281929789527,0.7256978914946889
48.0,31.25,6.121621399468485,0.8202239580335521
48.0,33.75,6.1119129312143965,0.840101379191371
48.0,36.25,6.110117028685171,0.8438326869638958
48.0,38.75,6.109831550164442,0.8444263822555683
48.0,41.25,6.109789849884544,0.8445124283683303
48.0,43.75,6.109781991579391,0.8445281502268469
48.0,46.25,6.1097795214658355,0.8445328489244726
48.0,48.75,6.10977854112024,0.8445346671302993
50.0,1.25,7.552809658766291,0.026655385771436127
50.0,3.75,7.55371969020435,0.02664661003155124
50.0,6.25,7.554114439035924,0.026644583733338882
50.0,8.75,7.558661718537669,0.026636408534080287
50.0,11.25,7.563906583024622,0.02662911511074463
50.0,13.75,7.568953921436325,0.02662375830825636
50.0,16.25,7.578836841503246,0.026619296407492506
50.0,18.75,7.592196805856544,0.02662319994803226
50.0,21.25,7.603679291669563,0.026637070071808273
50.0,23.75,7.623561937173221,0.026684121958581237
50.0,26.25,7.646280929583137,0.026771787976958467
50.0,28.75,6.201172612058475,0.6761708455088272
50.0,31.25,6.124779967203608,0.8159255211265599
50.0,33.75,6.112275082886215,0.8414699910239449
50.0,36.25,6.109855665252063,0.8465077192650555
50.0,38.75,6.109460407632853,0.8473327125838866
50.0,41.25,6.109403373283694,0.84745111012292
50.0,43.75,6.10939376424684,0.8474705532605268
50.0,46.25,6.109391087806643,0.8474757019154624
50.0,48.75,6.109390067113448,0.8474776117078823
52.0,1.25,7.547099511661831,0.026653508028685834
52.0,3.75,7.5480968152816335,0.026644151027066805
52.0,6.25,7.548535188074218,0.02664195707154768
52.0,8.75,7.55332750511978,0.02663166212205499
52.0,11.25,7.558776132526941,0.026622209234167252
52.0,13.75,7.563961875269661,0.026614970385358663
52.0,16.25,7.574149311338874,0.026607116899852647
52.0,18.75,7.5872938292803775,0.026606293886690877
52.0,21.25,7.598711071473576,0.02661615255156649
52.0,23.75,7.61835133173247,0.026655614975246888
52.0,26.25,7.640740151874715,0.026733757275553594
52.0,28.75,6.296430205494314,0.5367184577492045
52.0,31.25,6.125339850226302,0.814581878482575
52.0,33.75,6.111962577326811,0.8418943121223642
52.0,36.25,6.109404026414051,0.8472274087896384
52.0,38.75,6.1089878250157446,0.8480982828016872
52.0,41.25,6.1089281398075235,0.8482233458622744
52.0,43.75,6.108918265413006,0.8482441099513922
52.0,46.25,6.1089155730445075,0.8482497940615553
52.0,48.75,6.108914554392956,0.8482519499739004
54.0,1.25,7.541404296778202,0.02665522792465287
54.0,3.75,7.542388196001242,0.026645179725939723
54.0,6.25,7.542820185983494,0.02664268432174908
54.0,8.75,7.547744930260911,0.026629850081439494
54.0,11.25,7.553469770599226,0.026617764417826498
54.0,13.75,7.5588531071772,0.026608290823661025
54.0,16.25,7.569461961204231,0.026596611476562355
54.0,18.75,7.5823967481909005,0.026591059710207827
54.0,21.25,7.593786668983779,0.026596870008283882
54.0,23.75,7.6132232645920075,0.026628916670057547
54.0,26.25,7.639651078981418,0.02673172259558663
54.0,28.75,6.271570220746164,0.5696299157913477
54.0,31.25,6.125524437965494,0.8139800092903495
54.0,33.75,6.111879707238675,0.8418268036212296
54.0,36.25,6.1092864978437245,0.8472322295195457
54.0,38.75,6.10886479960943,0.8481146768003403
54.0,41.25,6.1088042671245075,0.8482415323820913
54.0,43.75,6.108794207620313,0.8482626923091142
54.0,46.25,6.108791434272304,0.8482685508682305
54.0,48.75,6.108790377472983,0.8482707890571227
56.0,1.25,7.535801772695373,0.026660428475677202
56.0,3.75,7.536771398745119,0.026649974795801817
56.0,6.25,7.537196301823915,0.02664731774255256
56.0,8.75,7.542042034396055,0.026631969853386426
56.0,11.25,7.547918478270634,0.026616878240764138
56.0,13.75,7.553569936911239,0.026604809675284443
56.0,16.25,7.564750560015581,0.02658878629631981
56.0,18.75,7.57747764010144,0.02657860091223149
56.0,21.25,7.588885416918999,0.02658040941034058
56.0,23.75,7.608194474931981,0.026605358183611278
56.0,26.25,7.6396963412110654,0.02672459586348785
56.0,28.75,6.261648361173254,0.5832475278905178
56.0,31.25,6.125552484145671,0.8137090035227719
56.0,33.75,6.111870355480721,0.8416249155485316
56.0,36.25,6.109274604142591,0.8470345312017945
56.0,38.75,6.108852352501488,0.847917952260913
56.0,41.25,6.108791689345693,0.8480450489155605
56.0,43.75,6.108781587637233,0.8480662873867988
56.0,46.25,6.108778791720131,0.8480721882685812
56.0,48.75,6.108777723609204,0.8480744478114058
58.0,1.25,7.530293211900646,0.026667961312388834
58.0,3.75,7.53124917731905,0.02665711671304371
58.0,6.25,7.53166737893953,0.02665430265041989
58.0,8.75,7.536434940829006,0.02663706613954663
58.0,11.25,7.5422182633424795,0.026618999474809373
58.0,13.75,7.548052057662351,0.0266039665274603
58.0,16.25,7.559994976894298,0.026582801232375046
58.0,18.75,7.572514113024706,0.0265680515568136
58.0,21.25,7.583995075969678,0.02656584463363821
58.0,23.75,7.603228781277541,0.026583902255551285
58.0,26.25,7.639769333495115,0.026712266130807953
58.0,28.75,6.257152831303368,0.5894450089190213
58.0,31.25,6.125528797238427,0.813544172384452
58.0,33.75,6.111880995537013,0.8413841455867083
58.0,36.25,6.109292313795409,0.8467775951271503
58.0,38.75,6.108870989214092,0.8476588326484524
58.0,41.25,6.108810413151464,0.8477857109248287
58.0,43.75,6.108800314504204,0.8478069363870316
58.0,46.25,6.108797515128757,0.847812842379817
58.0,48.75,6.108796444579182,0.8478151061544275
60.0,1.25,7.5248761504584145,0.02667744656556663
60.0,3.75,7.525819044634464,0.02666622498038077
60.0,6.25,7.526230825590923,0.026663260024056525
60.0,8.75,7.530922899360266,0.02664421398205574
60.0,11.25,7.536611648312515,0.026623896665395445
60.0,13.75,7.542363322131477,0.02660580700973523
60.0,16.25,7.555165899046466,0.026578454801893872
60.0,18.75,7.567474578254103,0.02655918340701663
60.0,21.25,7.579097048248797,0.02655286946401118
60.0,23.75,7.5983192661718215,0.026564173060170775
60.0,26.25,7.639843251093698,0.02669979486727371
60.0,28.75,6.2548115293033195,0.5926223096250721
60.0,31.25,6.125487640070368,0.8134118550533149
60.0,33.75,6.111897297034676,0.8411291153699575
60.0,36.25,6.109318667219359,0.8465000828798496
60.0,38.75,6.108898725173902,0.8473781620779732
60.0,41.25,6.108838303067526,0.8475046826544629
60.0,43.75,6.108828220480015,0.8475258689709076
60.0,46.25,6.108825423236307,0.8475317701497534
60.0,48.75,6.108824352474096,0.8475340331429607
62.0,1.25,7.519546562293178,0.026688847840436777
62.0,3.75,7.520476933839855,0.026677262414692662
62.0,6.25,7.520882557030038,0.026674152389671663
62.0,8.75,7.525502314111075,0.02665336839335388
62.0,11.25,7.531100574883318,0.02663089907025566
62.0,13.75,7.536761046631877,0.0266105381571552
62.0,16.25,7.550224552954796,0.02657594296881653
62.0,18.75,7.56231761939881,0.026552161982375633
62.0,21.25,7.574166440043529,0.0265415430091985
62.0,23.75,7.593453744772168,0.02654615568915104
62.0,26.25,7.6399177368255815,0.02668723824720125
62.0,28.75,6.253326586367463,0.5945867239369246
62.0,31.25,6.12544115469065,0.813288659187982
62.0,33.75,6.111915772017539,0.8408680288801514
62.0,36.25,6.109348131333523,0.8462145285527739
62.0,38.75,6.108929714234298,0.8470891473382839
62.0,41.25,6.108869466796188,0.8472152622259868
62.0,43.75,6.108859403740215,0.847236401653753
62.0,46.25,6.108856610012376,0.8472422932277454
62.0,48.75,6.10885553977468,0.847244555376882
64.0,1.25,7.514300774655393,0.02670211085095046
64.0,3.75,7.515219136882657,0.026690173880924657
64.0,6.25,7.515618849371365,0.026686924218083396
64.0,8.75,7.520169265953875,0.026664469046648022
64.0,11.25,7.525680838038604,0.02663993299155786
64.0,13.75,7.531254141735026,0.026617417001068205
64.0,16.25,7.545122704673339,0.026575513023566835
64.0,18.75,7.556991872910917,0.026547199943342644
64.0,21.25,7.569172799924269,0.026531932387109006
64.0,23.75,7.588618165108129,0.026529819704973777
64.0,26.25,7.639992622611122,0.026674621800787012
64.0,28.75,6.252182681792502,0.5960664804634278
64.0,31.25,6.125393183808568,0.8131673287091655
64.0,33.75,6.111935229062491,0.8406038162956659
64.0,36.25,6.109378881204005,0.8459252073006622
64.0,38.75,6.108962035357873,0.8467962667154583
64.0,41.25,6.108901969517338,0.8469219624191764
64.0,43.75,6.1088919275719995,0.8469430513994647
64.0,46.25,6.10888913787641,0.8469489329783055
64.0,48.75,6.108888068383071,0.8469511930652432
66.0,1.25,7.509135410186302,0.026717170877735046
66.0,3.75,7.510042244882114,0.02670489387911853
66.0,6.25,7.510436279027021,0.02670150965354216
66.0,8.75,7.514920151559424,0.026677445711592234
66.0,11.25,7.5203485974755795,0.026650922655064867
66.0,13.75,7.525838689601424,0.026626332851114983
66.0,16.25,7.539800164170516,0.026577506055187026
66.0,18.75,7.55143968849932,0.026544578236685157
66.0,21.25,7.564085476900785,0.026524134220217023
66.0,23.75,7.5837828511977925,0.026515135778068407
66.0,26.25,7.640067818300593,0.026661958497284026
66.0,28.75,6.251175269539354,0.5973527188660733
66.0,31.25,6.125344947824199,0.81304564347794
66.0,33.75,6.111955247776562,0.8403375824050688
66.0,36.25,6.109410297275567,0.8456336479056895
66.0,38.75,6.108995039124481,0.8465011132249362
66.0,41.25,6.108935157167519,0.8466263848434367
66.0,43.75,6.108925136893459,0.8466474221104631
66.0,46.25,6.108922351268803,0.8466532935439118
66.0,48.75,6.108921282682359,0.8466555511109184
68.0,1.25,7.5040480336771065,0.02673383237579567
68.0,3.75,7.5049438033331635,0.026721226053613222
68.0,6.25,7.505332376899692,0.026717712022490066
68.0,8.75,7.509752329034193,0.02669209787721686
68.0,11.25,7.515100992771518,0.02666366249074891
68.0,13.75,7.520507968365961,0.026637093676484813
68.0,16.25,7.534276884120078,0.026582119920510933
68.0,18.75,7.545718147632855,0.02654457258951926
68.0,21.25,7.558851979049135,0.026518176429890513
68.0,23.75,7.5789387867256455,0.026501959204297133
68.0,26.25,7.640144137715293,0.026649118934378453
68.0,28.75,6.2502167955201475,0.598568903982771
68.0,31.25,6.125296124398968,0.812922017328007
68.0,33.75,6.111975485879463,0.840067743196888
68.0,36.25,6.109442061997934,0.8453382088600704
68.0,38.75,6.1090284109242905,0.8462020393102898
68.0,41.25,6.108968715307024,0.8463268823419274
68.0,43.75,6.108958717159304,0.8463478676807535
68.0,46.25,6.108955935687917,0.8463537292736057
68.0,48.75,6.108954868117182,0.8463559843530114
70.0,1.25,7.4990355647247755,0.02675205746984005
70.0,3.75,7.499920703290986,0.026739131931184358
70.0,6.25,7.500304021501638,0.026735492590991443
70.0,8.75,7.504662525384019,0.026708383174633497
70.0,11.25,7.509934552465002,0.02667810541794895
70.0,13.75,7.515261865572326,0.026649633929241294
70.0,16.25,7.5288184895391295,0.026589531198515835
70.0,18.75,7.540085340628545,0.02654755144324487
70.0,21.25,7.553414096453653,0.026514333420912885
70.0,23.75,7.574060772002264,0.026490329680043827
70.0,26.25,7.640221361231631,0.026636135639272994
70.0,28.75,6.249274889047924,0.5997618691458173
70.0,31.25,6.125247196559048,0.8127960384750109
70.0,33.75,6.111996264041954,0.8397942054073558
70.0,36.25,6.109474477684725,0.845038832575346
70.0,38.75,6.109062450105112,0.8458989919745656
70.0,41.25,6.1090029427980905,0.8460234017932974
70.0,43.75,6.108992966905057,0.8460443346870633
70.0,46.25,6.108990189575895,0.8460501863023612
70.0,48.75,6.108989122999029,0.8460524388777237
72.0,1.25,7.494094992527231,0.02677182919086525
72.0,3.75,7.494969906442545,0.026758593958593438
72.0,6.25,7.495348163252688,0.026754833529037694
72.0,8.75,7.499647552031403,0.026726280363363344
72.0,11.25,7.50484590613915,0.02669422578794859
72.0,13.75,7.51009670720458,0.02666392125624659
72.0,16.25,7.523449285179266,0.026598963135827127
72.0,18.75,7.534541349091616,0.026552713241748592
72.0,21.25,7.547745136962009,0.026512939259353278
72.0,23.75,7.569118034971494,0.026480332330430328
72.0,26.25,7.640299207149021,0.02662305022510463
72.0,28.75,6.248338616941025,0.6009478699886333
72.0,31.25,6.125198444126965,0.8126678649879121
72.0,33.75,6.112017648998603,0.8395175716835117
72.0,36.25,6.109507578644676,0.8447361929790123
72.0,38.75,6.1090971865396915,0.8455926549650282
72.0,41.25,6.109037869059351,0.8457166278916408
72.0,43.75,6.1090279156215805,0.8457375076375692
72.0,46.25,6.1090251424462405,0.8457433490805408
72.0,48.75,6.109024076899445,0.8457455989927171
74.0,1.25,7.489223647126085,0.026793099267521752
74.0,3.75,7.490088719710005,0.02677956329619541
74.0,6.25,7.490462098419879,0.026775685737803395
74.0,8.75,7.494704574785967,0.026745737233090715
74.0,11.25,7.499832050689787,0.026711967360225797
74.0,13.75,7.505009300848507,0.026679895116572025
74.0,16.25,7.5181659669378815,0.02661026377451986
74.0,18.75,7.529090645428267,0.026559925420922635
74.0,21.25,7.542105732772772,0.026514675862892762
74.0,23.75,7.564073540912528,0.026472073112492594
74.0,26.25,7.640377557111886,0.026609877903497964
74.0,28.75,6.247404210392671,0.6021325352303737
74.0,31.25,6.125149913174327,0.8125376687220627
74.0,33.75,6.112039565029321,0.8392382728504866
74.0,36.25,6.109541270152576,0.8444307636584087
74.0,38.75,6.109132522949046,0.8452835079743231
74.0,41.25,6.109073396569513,0.8454070411083442
74.0,43.75,6.1090634657664165,0.845427867156972
74.0,46.25,6.109060696846111,0.8454336982408711
74.0,48.75,6.1090596323028326,0.845435945465168
76.0,1.25,7.484418737714724,0.02681587074567173
76.0,3.75,7.485274327204518,0.026802042516232517
76.0,6.25,7.485643001561934,0.02679805155399247
76.0,8.75,7.4898306496421725,0.026766753183084167
76.0,11.25,7.494889886757111,0.026731325762983933
76.0,13.75,7.499996378666516,0.026697547075863765
76.0,16.25,7.512964799058734,0.02662341300623103
76.0,18.75,7.52372902082585,0.026569141126629083
76.0,21.25,7.536562862912166,0.026518866559538348
76.0,23.75,7.559963477141495,0.026464070575268332
76.0,26.25,7.640456028558798,0.02659667486197419
76.0,28.75,6.246472797142045,0.6033149450794703
76.0,31.25,6.12510186704503,0.8124058942218769
76.0,33.75,6.112062022691053,0.8389572873882312
76.0,36.25,6.109575520720165,0.8441236159514945
76.0,38.75,6.109168421910589,0.8449726352976824
76.0,41.25,6.109109487190008,0.8450957270831304
76.0,43.75,6.109099579154549,0.8451164988435521
76.0,46.25,6.109096814463365,0.8451223192889604
76.0,48.75,6.109095750976048,0.8451245636913381
78.0,1.25,7.479676285442826,0.02684038929340245
78.0,3.75,7.480522708881667,0.026826277040710313
78.0,6.25,7.480886845678858,0.026822176145673227
78.0,8.75,7.485021651501833,0.026789570256613906
78.0,11.25,7.4900151504849655,0.026752539179392444
78.0,13.75,7.495053522422967,0.02671711123414963
78.0,16.25,7.507840976309341,0.026638633186926212
78.0,18.75,7.518451275603241,0.02658057085660593
78.0,21.25,7.531124553334981,0.026525401354062256
78.0,23.75,7.559946012324758,0.026474764830669364
78.0,26.25,7.640533887171246,0.026583738750614882
78.0,28.75,6.245558212762366,0.6044787278802715
78.0,31.25,6.1250557138280675,0.8122747711327849
78.0,33.75,6.112085247138697,0.8386793377864857
78.0,36.25,6.109610355341307,0.8438199116541911
78.0,38.75,6.109204880388958,0.8446652596393988
78.0,41.25,6.109146134614303,0.844787914136542
78.0,43.75,6.109136249030074,0.8448086307509721
78.0,46.25,6.109133488528719,0.8448144395917827
78.0,48.75,6.109132426057991,0.8448166806664789
80.0,1.25,7.47498914415576,0.026867497359215467
80.0,3.75,7.475826635205405,0.026853109557071254
80.0,6.25,7.476186399748281,0.02684890183275621
80.0,8.75,7.480270287535873,0.026815026735096406
80.0,11.25,7.485200432758931,0.026776441246374863
80.0,13.75,7.490173182439923,0.026739416499400596
80.0,16.25,7.502786703373966,0.02665673957569402
80.0,18.75,7.513249212944995,0.026595018241150726
80.0,21.25,7.5257810818337685,0.02653507448603075
80.0,23.75,7.560028698339779,0.026462972776382352
80.0,26.25,7.640615246078954,0.026571996078450167
80.0,28.75,6.244705490168156,0.6055695921414788
80.0,31.25,6.12501549884616,0.8121515321750926
80.0,33.75,6.112109605201861,0.8384194151396498
80.0,36.25,6.109645517903898,0.8435360115991751
80.0,38.75,6.109241554911706,0.8443779324696163
80.0,41.25,6.1091829853133275,0.8445001723858772
80.0,43.75,6.10917312073521,0.844520832219663
80.0,46.25,6.109170364215369,0.84452662663333
80.0,48.75,6.1091693027197715,0.8445288628220641
82.0,1.25,7.470361299782714,0.02689601073729258
82.0,3.75,7.471190162112808,0.02688135418550685
82.0,6.25,7.471545704043727,0.026877042421874924
82.0,8.75,7.475580441805852,0.02684193562709146
82.0,11.25,7.480449465280192,0.026801843305952498
82.0,13.75,7.485358946547491,0.026763271988976132
82.0,16.25,7.497804959191712,0.026676535736139914
82.0,18.75,7.50812546937818,0.026611280057497265
82.0,21.25,7.520500398088567,0.026546785402167983
82.0,23.75,7.560093656127355,0.02645120892171214
82.0,26.25,7.64075836168421,0.02656053518362788
82.0,28.75,6.243874504066118,0.6066308103270331
82.0,31.25,6.12497388958304,0.8120311791445183
82.0,33.75,6.11213113405693,0.8381655142578989
82.0,36.25,6.109677624659788,0.84325867053695
82.0,38.75,6.10927514465379,0.8440972443910255
82.0,41.25,6.109216749199699,0.8442190838212335
82.0,43.75,6.109206906313028,0.8442396921201392
82.0,46.25,6.109204154387349,0.8442454751957731
82.0,48.75,6.109203094220968,0.844247707937031
84.0,1.25,7.4657907777360295,0.026925882606410566
84.0,3.75,7.466611295839795,0.02691096423788106
84.0,6.25,7.466962755877397,0.026906551329044848
84.0,8.75,7.470950019179677,0.026870248543047107
84.0,11.25,7.475760034234007,0.026828694632813257
84.0,13.75,7.480608473163474,0.026788624552933033
84.0,16.25,7.492893046167726,0.026697960852772266
84.0,18.75,7.503077015187435,0.02662928843330146
84.0,21.25,7.5153061179505585,0.026560364321106464
84.0,23.75,7.56015857523765,0.02643945547056333
84.0,26.25,7.6409017097612795,0.02654908358976245
84.0,28.75,6.243055261192171,0.6076769091916826
84.0,31.25,6.124932112281648,0.8119112713332253
84.0,33.75,6.112151921693769,0.8379133093276345
84.0,36.25,6.109708903836766,0.8429832287384772
84.0,38.75,6.109307894761079,0.8438184846680277
84.0,41.25,6.109249671377403,0.8439399284723068
84.0,43.75,6.109239849337861,0.8439604870897258
84.0,46.25,6.109237101512994,0.8439662598865854
84.0,48.75,6.1092360424260175,0.8439684897137343
86.0,1.25,7.4612756850003,0.02695707172428928
86.0,3.75,7.462088130840951,0.02694189793222976
86.0,6.25,7.462435642652972,0.026937386618277305
86.0,8.75,7.466377021990162,0.026899921610374147
86.0,11.25,7.471130033194558,0.026856948861133233
86.0,13.75,7.475919539298677,0.026815425144148138
86.0,16.25,7.4880484139503265,0.026720958255186705
86.0,18.75,7.49810099644288,0.026648979514153147
86.0,21.25,7.510195022081078,0.026575732704384868
86.0,23.75,7.560223459973849,0.02642771202231531
86.0,26.25,7.6410452327700185,0.026537641574071673
86.0,28.75,6.242243697707859,0.6087137748964098
86.0,31.25,6.124890549032714,0.8117910404241664
86.0,33.75,6.112172606004943,0.837661475652533
86.0,36.25,6.109740034953836,0.842708266120334
86.0,38.75,6.109340491147849,0.8435402182178202
86.0,41.25,6.109282439056325,0.843661268309872
86.0,43.75,6.109272637603083,0.8436817778294722
86.0,46.25,6.109269893742859,0.8436875406412142
86.0,48.75,6.10926883567,0.8436897676936439
88.0,1.25,7.456814224270834,0.026989538882562322
88.0,3.75,7.457618855820301,0.026974115807854495
88.0,6.25,7.457962546542906,0.026969508684808588
88.0,8.75,7.461859553085854,0.026930913421281035
88.0,11.25,7.46655746346687,0.026886562268076376
88.0,13.75,7.471290037595212,0.026843627554209087
88.0,16.25,7.4832686507552495,0.026745474683370553
88.0,18.75,7.493194717753566,0.02667029346605197
88.0,21.25,7.505164197600853,0.02659281634288826
88.0,23.75,7.560288313243804,0.02641597827818663
88.0,26.25,7.641188148616368,0.026526191086566727
88.0,28.75,6.2414381348507115,0.6097438213384785
88.0,31.25,6.124849319349355,0.811670243087495
88.0,33.75,6.112193382280023,0.8374096046849593
88.0,36.25,6.1097712251759715,0.8424333466714553
88.0,38.75,6.109373142827399,0.8432620046991796
88.0,41.25,6.1093152616331,0.8433826621247952
88.0,43.75,6.109305480666232,0.8434031228232032
88.0,46.25,6.109302740740037,0.8434088756818159
88.0,48.75,6.109301683644452,0.8434111000358903
90.0,1.25,7.45240468514337,0.027023247102957337
90.0,3.75,7.453201747662253,0.027007580580974903
90.0,6.25,7.453541738339051,0.02700288010797984
90.0,8.75,7.457395809073022,0.026963184876418765
90.0,11.25,7.462040426777573,0.026917493602514376
90.0,13.75,7.466717968366516,0.026873188224528857
90.0,16.25,7.478551473438156,0.026771460047124874
90.0,18.75,7.488355636818605,0.026693174020499495
90.0,21.25,7.500211162138154,0.02661154418594822
90.0,23.75,7.560353137323903,0.026404253962856925
90.0,26.25,7.641330991735442,0.026514745462829663
90.0,28.75,6.240637817390946,0.6107681167019792
90.0,31.25,6.12480846041243,0.8115488009488856
90.0,33.75,6.112214310869996,0.8371575672701418
90.0,36.25,6.1098025382629535,0.8421583332679502
90.0,38.75,6.109405914124385,0.8429837057562215
90.0,41.25,6.109348203550217,0.8431039712900935
90.0,43.75,6.109338443062074,0.8431243831350398
90.0,46.25,6.109335707043114,0.8431301261729028
90.0,48.75,6.1093346509277415,0.8431323478297862
92.0,1.25,7.448045439606929,0.02705816129854537
92.0,3.75,7.448835166446466,0.027042256880230358
92.0,6.25,7.449171572418615,0.027037465388531162
92.0,8.75,7.452984074862446,0.02699669891273693
92.0,11.25,7.4575771192793505,0.02694970379916062
92.0,13.75,7.462201432998131,0.02690406594566177
92.0,16.25,7.473894719096862,0.026798867079317362
92.0,18.75,7.483581347903032,0.026717568221329466
92.0,21.25,7.4953340781765645,0.026631846879556453
92.0,23.75,7.560417933261932,0.0263925389606157
92.0,26.25,7.641473936974859,0.02650330946575124
92.0,28.75,6.2398424526877205,0.6117870549031814
92.0,31.25,6.124767984310354,0.8114266882594353
92.0,33.75,6.112235411103163,0.836905322011262
92.0,36.25,6.109833994617484,0.8418831819068537
92.0,38.75,6.1094388255808525,0.8427052770176385
92.0,41.25,6.109381285373464,0.8428251513839311
92.0,43.75,6.109371545334231,0.8428455144915804
92.0,46.25,6.1093688131936865,0.8428512477446223
92.0,48.75,6.10936775806378,0.8428534666872833
94.0,1.25,7.443734935669902,0.027094248370861766
94.0,3.75,7.4445175490089115,0.027078111340575688
94.0,6.25,7.444850480277127,0.02707323104202911
94.0,8.75,7.448622716840855,0.027031420586767448
94.0,11.25,7.45316582423766,0.026983156048943975
94.0,13.75,7.457738626122764,0.026936221913078713
94.0,16.25,7.469296335662163,0.02682765134934953
94.0,18.75,7.478869572853462,0.026743426352231734
94.0,21.25,7.490532613578768,0.026653652571905058
94.0,23.75,7.560482700725081,0.026380833354280504
94.0,26.25,7.6416169731043615,0.026491883264867237
94.0,28.75,6.2390519025153885,0.6128008067798257
94.0,31.25,6.12472789580646,0.8113038975128591
94.0,33.75,6.112256689627159,0.8366528570653626
94.0,36.25,6.109865601085622,0.8416078803211043
94.0,38.75,6.109471884061105,0.8424267060988976
94.0,41.25,6.109414514068444,0.8425461906639484
94.0,43.75,6.109404794377998,0.8425665043956547
94.0,46.25,6.109402066152029,0.8425722277954169
94.0,48.75,6.109401011987594,0.8425744440611767
96.0,1.25,7.4394716908811445,0.02713147740871489
96.0,3.75,7.440247402363583,0.027115112802714992
96.0,6.25,7.440576963924662,0.02711014579718565
96.0,8.75,7.444310175946019,0.02706731726392448
96.0,11.25,7.448804904669313,0.027017815976367925
96.0,13.75,7.453327827726508,0.026969619891733927
96.0,16.25,7.464754372656002,0.026857771388306872
96.0,18.75,7.4742181503536225,0.02677070198470476
96.0,21.25,7.485812255136643,0.026676869806952625
96.0,23.75,7.560547435997271,0.02636913776947592
96.0,26.25,7.641760085848278,0.026480467523939556
96.0,28.75,6.238266117537682,0.6138094199308007
96.0,31.25,6.124688199301706,0.8111804310815823
96.0,33.75,6.112278149277532,0.8364001781054748
96.0,36.25,6.1098973601973485,0.8413324347245158
96.0,38.75,6.10950509189869,0.8421479996140301
96.0,41.25,6.10944789205741,0.8422670930321072
96.0,43.75,6.109438192514946,0.8422873595116485
96.0,46.25,6.109435468356921,0.842293072777768
96.0,48.75,6.10943441516518,0.8422952863276579
98.0,1.25,7.435254278505142,0.027169821307880038
98.0,3.75,7.436023289714735,0.027153233932415845
98.0,6.25,7.436349581886223,0.0271481822143422
98.0,8.75,7.440044953436003,0.027104360225299183
98.0,11.25,7.444492788737993,0.027053653232575994
98.0,13.75,7.448967388118921,0.027004227794758237
98.0,16.25,7.460266965105146,0.02688919022314405
98.0,18.75,7.469625017524603,0.026799353308566014
98.0,21.25,7.4857913767000355,0.026690218149799754
98.0,23.75,7.560612122008738,0.026357455032848698
98.0,26.25,7.641903235524324,0.026469065017461414
98.0,28.75,6.237485182442902,0.6148127728452404
98.0,31.25,6.124648908282895,0.8110563111565102
98.0,33.75,6.112299792808255,0.8361473297864271
98.0,36.25,6.109929272830333,0.8410568938668722
98.0,38.75,6.109538449973351,0.8418692064281124
98.0,41.25,6.109481419958934,0.8419879103547403
98.0,43.75,6.109471740606298,0.8420081286847378
98.0,46.25,6.109469020356395,0.8420138320536943
98.0,48.75,6.109467968157118,0.8420160429176665
100.0,1.25,7.431072409014628,0.027210901310389078
100.0,3.75,7.431834785686884,0.027194097574447643
100.0,6.25,7.432157916880204,0.027188962735061724
100.0,8.75,7.435816650448481,0.02714416720994132
100.0,11.25,7.44021903515162,0.027092280832094452
100.0,13.75,7.444646781191931,0.027041654364904768
100.0,16.25,7.45582365064667,0.02692350266247311
100.0,18.75,7.465114227658007,0.026830650750523766
100.0,21.25,7.485866562676242,0.026679892229279568
100.0,23.75,7.5606662336740476,0.026347401170767167
100.0,26.25,7.642026224272997,0.026459233460155444
100.0,28.75,6.236780847297217,0.6157255131304981
100.0,31.25,6.12461786929028,0.8109435787181902
100.0,33.75,6.112323515395122,0.8359188479433461
100.0,36.25,6.109962216664105,0.8408080097527502
100.0,38.75,6.109572692199578,0.8416173867358077
100.0,41.25,6.109515813907106,0.8417357273125979
100.0,43.75,6.109506152585899,0.8417558932878768
100.0,46.25,6.109503435672442,0.8417615819785687
100.0,48.75,6.109502384283217,0.8417637875029998
102.0,1.25,7.426933587004099,0.02725303687563377
102.0,3.75,7.427689517582829,0.0272360205931042
102.0,6.25,7.428009581681545,0.027230803991681773
102.0,8.75,7.431632754734393,0.027185056650289266
102.0,11.25,7.435991039613719,0.027132018295146755
102.0,13.75,7.440373345177279,0.02708021942274838
102.0,16.25,7.451431304043213,0.026959032426988445
102.0,18.75,7.46066024606668,0.02686318015438727
102.0,21.25,7.485941810486404,0.026669554480014315
102.0,23.75,7.560720379949564,0.026337344270871935
102.0,26.25,7.642149303973697,0.026449401391218135
102.0,28.75,6.23609935166923,0.6166056240212779
102.0,31.25,6.124584635975994,0.8108352109705625
102.0,33.75,6.1123433169132335,0.8356984991938348
102.0,36.25,6.109990961480063,0.8405679150967849
102.0,38.75,6.1096026999087,0.8413744511507669
102.0,41.25,6.109545971043559,0.8414924521343318
102.0,43.75,6.109536329376761,0.8415125719436803
102.0,46.25,6.109533616814689,0.8415182500942857
102.0,48.75,6.109532566722893,0.8415204523039732
104.0,1.25,7.422836593770774,0.027296201684225297
104.0,3.75,7.423586255218198,0.027278977081700573
104.0,6.25,7.423903339986845,0.02727368040830591
104.0,8.75,7.427491980136545,0.027227002366809937
104.0,11.25,7.431807452577671,0.0271728386587836
104.0,13.75,7.436145662495921,0.027119895308754034
104.0,16.25,7.447088324315398,0.026995748870292137
104.0,18.75,7.456261228733677,0.026896910033763405
104.0,21.25,7.486017063796214,0.026659217109556568
104.0,23.75,7.560774543939801,0.026327287523285347
104.0,26.25,7.642272505551356,0.026439570286550595
104.0,28.75,6.235428427245273,0.6174712867194044
104.0,31.25,6.124550904612782,0.8107277927556616
104.0,33.75,6.112362029752087,0.8354803873491031
104.0,36.25,6.110018526537098,0.8403302698067595
104.0,38.75,6.109631514438656,0.8411339992576251
104.0,41.25,6.109574932410364,0.8412516641251203
104.0,43.75,6.10956530898854,0.8412717408057838
104.0,46.25,6.109562600094933,0.8412774098689171
104.0,48.75,6.109561550994631,0.8412796094910974
106.0,1.25,7.418780260840536,0.027340371110726798
106.0,3.75,7.419523822395752,0.027322942233278982
106.0,6.25,7.419838011938261,0.027317567096636172
106.0,8.75,7.423393101891447,0.027269978499780884
106.0,11.25,7.4276669921868885,0.02721471482801494
106.0,13.75,7.431962390742533,0.027160653615312124
106.0,16.25,7.4427932055049055,0.027033619863687106
106.0,18.75,7.451915477566997,0.026931802727872017
106.0,21.25,7.486092325015637,0.026648879941420258
106.0,23.75,7.560828726480156,0.026317230786724388
106.0,26.25,7.642395839972292,0.02642973993848877
106.0,28.75,6.234763375086761,0.6183294638074763
106.0,31.25,6.1245172086286335,0.8106202557451836
106.0,33.75,6.112380521685536,0.8352627182809539
106.0,36.25,6.1100458344134925,0.8400931544776369
106.0,38.75,6.1096600665682885,0.8408940901030374
106.0,41.25,6.109603630928703,0.8410114200337343
106.0,43.75,6.109594025354253,0.8410314544127888
106.0,46.25,6.1095913199258876,0.8410371148539605
106.0,48.75,6.109590271715669,0.8410393120618254
108.0,1.25,7.414763470555234,0.027385521513708076
108.0,3.75,7.415501094156004,0.02736789223534059
108.0,6.25,7.415812469125166,0.027362440167798485
108.0,8.75,7.419334949198533,0.027313960249160118
108.0,11.25,7.423568433786306,0.027257620845472324
108.0,13.75,7.427822248217656,0.0272024671563252
108.0,16.25,7.4385445096555705,0.027072614787543223
108.0,18.75,7.4476213695870195,0.026967822502870227
108.0,21.25,7.4861675947603095,0.026638542880994407
108.0,23.75,7.560882928082855,0.026307173971816613
108.0,26.25,7.642519314309375,0.026419910218252147
108.0,28.75,6.234102392444432,0.6191828193634946
108.0,31.25,6.1244837148204985,0.8105122652352574
108.0,33.75,6.112399056778346,0.8350449456145532
108.0,36.25,6.11007316451064,0.8398559874375573
108.0,38.75,6.109688638393044,0.8406541358021943
108.0,41.25,6.109632349006811,0.8407711312317488
108.0,43.75,6.109622761135203,0.8407911236457627
108.0,46.25,6.109620059120772,0.8407967755600262
108.0,48.75,6.1096190117652736,0.8407989704258857
110.0,1.25,7.410785152433904,0.027431630321450233
110.0,3.75,7.4115169931533105,0.027413804355088764
110.0,6.25,7.411825630936953,0.027408276816971795
110.0,8.75,7.415316401415909,0.027358923953821095
110.0,11.25,7.419510605897294,0.027301531963754656
110.0,13.75,7.423724009643203,0.02724531003234798
110.0,16.25,7.434340864265449,0.027112704534427722
110.0,18.75,7.443377362634759,0.02700493529772602
110.0,21.25,7.486242873349247,0.026628205835634952
110.0,23.75,7.560937149265656,0.026297116989350132
110.0,26.25,7.642642933651956,0.026410081011763096
110.0,28.75,6.233444784343644,0.6200323704211416
110.0,31.25,6.124450475451941,0.8104037153849325
110.0,33.75,6.112417715656307,0.8348269015352625
110.0,36.25,6.110100601811668,0.8396185908354179
110.0,38.75,6.109717315641945,0.8404139567627533
110.0,41.25,6.109661172395042,0.840530618059758
110.0,43.75,6.109651602178744,0.84055056862342
110.0,46.25,6.109648903563306,0.8405562120391824
110.0,48.75,6.10964785707392,0.8405584045950806
112.0,1.25,7.406844280782825,0.027478675940604047
112.0,3.75,7.407570487200974,0.027460656847293628
112.0,6.25,7.407876462133654,0.027455055230793207
112.0,8.75,7.411336385431871,0.027404846995357227
112.0,11.25,7.415492387378011,0.027346424543989147
112.0,13.75,7.419666503092482,0.027289157523318747
112.0,16.25,7.4301809585729695,0.02715386137664792
112.0,18.75,7.439181991062004,0.027043108626352078
112.0,21.25,7.486318160958856,0.026617868735326216
112.0,23.75,7.560991390451315,0.02628705976453098
112.0,26.25,7.642766701593102,0.026400252230845925
112.0,28.75,6.232790279524532,0.6208785032779433
112.0,31.25,6.124417507191627,0.8102945717414464
112.0,33.75,6.112436523350779,0.8346085332601193
112.0,36.25,6.110128172549438,0.8393809091250971
112.0,38.75,6.109746124791189,0.840173496888433
112.0,41.25,6.109690127585817,0.8402898243702519
112.0,43.75,6.10968057505278,0.840309733039715
112.0,46.25,6.1096778798167595,0.8403153679929148
112.0,48.75,6.109676834166184,0.8403175581844217
114.0,1.25,7.402939872270029,0.02752663769971577
114.0,3.75,7.403660586829653,0.027508428897123915
114.0,6.25,7.403963970336847,0.027502754530814685
114.0,8.75,7.40739387305954,0.0274517077370871
114.0,11.25,7.411512704628347,0.027392275990068497
114.0,13.75,7.415648606985278,0.027333986017729746
114.0,16.25,7.426063539972753,0.027196058881111294
114.0,18.75,7.435033862370882,0.02708231145552911
114.0,21.25,7.486393457658228,0.02660753152142714
114.0,23.75,7.561045651975703,0.026277002238650465
114.0,26.25,7.642890620701335,0.026390423809213942
114.0,28.75,6.232138768616906,0.6217213632123639
114.0,31.25,6.124384815681646,0.8101848221514172
114.0,33.75,6.112455488135744,0.834389823010966
114.0,36.25,6.110155885261475,0.8391429237245381
114.0,38.75,6.109775074435468,0.8399327373663892
114.0,41.25,6.109719223171773,0.8400487313740832
114.0,43.75,6.1097096883107955,0.8400685982012639
114.0,46.25,6.109706996450256,0.8400742247235803
114.0,48.75,6.109705951687548,0.8400764125522736
116.0,1.25,7.3990709836682536,0.027575495796872733
116.0,3.75,7.399786343006706,0.02755710056729634
116.0,6.25,7.400087203765607,0.0275513547166997
116.0,8.75,7.403487878616743,0.027499485466961925
116.0,11.25,7.407570528984951,0.02743906468791425
116.0,13.75,7.411669247290451,0.02737977294716375
116.0,16.25,7.42198741066557,0.027239271830269876
116.0,18.75,7.430931654691528,0.02712251408360549
116.0,21.25,7.486468763440261,0.02659719415295804
116.0,23.75,7.5610999340868705,0.026266944368480843
116.0,26.25,7.64301469282415,0.02638059570002866
116.0,28.75,6.231490204177667,0.6225610032489524
116.0,31.25,6.124352403135822,0.8100744615809895
116.0,33.75,6.112474612983924,0.8341707639788991
116.0,36.25,6.110183743079599,0.8389046276157907
116.0,38.75,6.1098041677584565,0.8396916711622515
116.0,41.25,6.109748462343607,0.8398073319439777
116.0,43.75,6.109738945162553,0.8398271569171237
116.0,46.25,6.109736256683477,0.8398327749524881
116.0,48.75,6.109735212774284,0.8398349604590254
118.0,1.25,7.3952367097447835,0.027625231251361168
118.0,3.75,7.395946845004852,0.027606652749112504
118.0,6.25,7.396245249104477,0.027600836624059797
118.0,8.75,7.399617456647581,0.027548160346328628
118.0,11.25,7.403664874291225,0.027486769949256976
118.0,13.75,7.407727394909207,0.027426496726313948
118.0,16.25,7.417951424548398,0.027283476149232613
118.0,18.75,7.426874115337957,0.027163688016091068
118.0,21.25,7.486544078216412,0.02658685660389977
118.0,23.75,7.561154236944706,0.02625688612664698
118.0,26.25,7.643138919277689,0.026370767874532214
118.0,28.75,6.230844562670944,0.6233974409967212
118.0,31.25,6.124320270714502,0.8099634874124666
118.0,33.75,6.1124938993797695,0.8339513528943054
118.0,36.25,6.110211747513433,0.8386660172724693
118.0,38.75,6.1098334062179624,0.8394502948618467
118.0,41.25,6.109777846628387,0.8395656226549444
118.0,43.75,6.109768347115321,0.8395854058083133
118.0,46.25,6.1097656620252225,0.8395910153646342
118.0,48.75,6.109764618965985,0.839593198561815
120.0,1.25,7.391436181286267,0.027675825858972023
120.0,3.75,7.392141218385722,0.02765706711794051
120.0,6.25,7.392437229477909,0.027651181871666115
120.0,8.75,7.3957816998093024,0.027597713360948697
120.0,11.25,7.399794794623828,0.02753537196019934
120.0,13.75,7.403822059170811,0.027474137481709796
120.0,16.25,7.413954484319374,0.027328648838661772
120.0,18.75,7.422860061016755,0.027205805829182104
120.0,21.25,7.486619401820007,0.02657651886499689
120.0,23.75,7.561208560617391,0.026246827502250047
120.0,26.25,7.643263300960246,0.026360940321705863
120.0,28.75,6.230201830155098,0.6242306800243764
120.0,31.25,6.1242884193487015,0.8098518976288106
120.0,33.75,6.112513348310774,0.8337315877101587
120.0,36.25,6.110239899509151,0.8384270908743916
120.0,38.75,6.109862790804325,0.8392086065076697
120.0,41.25,6.109807376924323,0.8393236016407382
120.0,43.75,6.10979789506127,0.8393433429759246
120.0,46.25,6.109795213390727,0.8393489440462669
120.0,48.75,6.109794171202401,0.839351124917531
122.0,1.25,7.387668562843266,0.027727262225754046
122.0,3.75,7.388368622797782,0.027708326164022492
122.0,6.25,7.3886623021554,0.0277023729009942
122.0,8.75,7.391979736480427,0.027648126352418072
122.0,11.25,7.395959381340833,0.02758485181050702
122.0,13.75,7.399952290091171,0.027522676250651912
122.0,16.25,7.409995538487328,0.027374767985118717
122.0,18.75,7.418888379295173,0.027248841088495956
122.0,21.25,7.4866947334814045,0.02656618101741861
122.0,23.75,7.561262904683743,0.026236768572584935
122.0,26.25,7.643387837512767,0.026351113117356873
122.0,28.75,6.229561999920614,0.6250607143477392
122.0,31.25,6.1242568502414665,0.8097396914429008
122.0,33.75,6.112532960639326,0.8335114682795184
122.0,36.25,6.110268199866356,0.8381878483330378
122.0,38.75,6.109892322263842,0.8389666061482789
122.0,41.25,6.109837054064836,0.839081268774365
122.0,43.75,6.109827589869816,0.8391009683028668
122.0,46.25,6.109824911580683,0.8391065609641591
122.0,48.75,6.109823870229918,0.8391087394730559
124.0,1.25,7.38393305174224,0.02777952359271465
124.0,3.75,7.38462825087806,0.027760413019745363
124.0,6.25,7.3849196576276155,0.027754392791582743
124.0,8.75,7.388210729644761,0.02769938183693335
124.0,11.25,7.39215776248523,0.02763519130767701
124.0,13.75,7.3961171987259,0.027572090208108226
124.0,16.25,7.406073573221856,0.027421812673657738
124.0,18.75,7.414958033410823,0.027292768057236096
124.0,21.25,7.486770072639219,0.026555843122978293
124.0,23.75,7.5613172688255785,0.026226709396253087
124.0,26.25,7.643512528722642,0.0263412863198679
124.0,28.75,6.228925066612213,0.6258875356622644
124.0,31.25,6.1242255642417405,0.8096268682306426
124.0,33.75,6.112552736862616,0.8332909948175713
124.0,36.25,6.1102966490713575,0.8379482899242011
124.0,38.75,6.10992200109716,0.8387242939950036
124.0,41.25,6.10986687846331,0.8388386245104406
124.0,43.75,6.109857431935139,0.8388582822538518
124.0,46.25,6.10985475703965,0.8388638663985646
124.0,48.75,6.109853716565012,0.8388660425745248
126.0,1.25,7.380228876511901,0.02783259377997351
126.0,3.75,7.38091932673222,0.027813311403395848
126.0,6.25,7.38120851789635,0.027807225215537586
126.0,8.75,7.384473875231976,0.027751462952505156
126.0,11.25,7.388389101689006,0.027686372913101935
126.0,13.75,7.392315901379597,0.0276223634557119
126.0,16.25,7.402187628249583,0.027469762717662632
126.0,18.75,7.411068091082913,0.027337561144104107
126.0,21.25,7.4868454197287555,0.02654550511300348
126.0,23.75,7.561371653409359,0.026216649908947096
126.0,26.25,7.643637375899944,0.0263314598682267
126.0,28.75,6.228291020210576,0.6267111413480887
126.0,31.25,6.124194561686085,0.8095134264461105
126.0,33.75,6.112572677428454,0.8330701654684818
126.0,36.25,6.110325247509648,0.8377084138724987
126.0,38.75,6.109951827681522,0.8384816683206973
126.0,41.25,6.1098968505484414,0.8385956669622318
126.0,43.75,6.109887421678668,0.8386152829379888
126.0,46.25,6.109884750186156,0.8386208586010145
126.0,48.75,6.109883710560469,0.8386230324558023
128.0,1.25,7.376555294555466,0.027886457322922182
128.0,3.75,7.377241103518961,0.027867005751842838
128.0,6.25,7.3775281341421985,0.027860854565206563
128.0,8.75,7.3807683996135225,0.02780435358695097
128.0,11.25,7.384652593964857,0.02773837988076856
128.0,13.75,7.388547560036172,0.02767347857591788
128.0,16.25,7.398336776123897,0.027518598863957328
128.0,18.75,7.40721774139872,0.027383194810571006
128.0,21.25,7.486920774102109,0.026535167096099075
128.0,23.75,7.561426057863041,0.026206590213227035
128.0,26.25,7.643762378177028,0.02632163386521394
128.0,28.75,6.2276598566577075,0.627531521919777
128.0,31.25,6.1241638438479775,0.8093993654026175
128.0,33.75,6.112592783212641,0.8328489805356574
128.0,36.25,6.110353995978236,0.8374682206201133
128.0,38.75,6.1099818028093305,0.8382387295747483
128.0,41.25,6.10992697107825,0.8383523966496812
128.0,43.75,6.109917559884089,0.8383719708458254
128.0,46.25,6.109914891796777,0.8383775380199278
128.0,48.75,6.109913853022338,0.8383797095287825
130.0,1.25,7.3729115909351215,0.027941099378644554
130.0,3.75,7.373592862319139,0.027921481129547072
130.0,6.25,7.373877785567161,0.027915265861946478
130.0,8.75,7.377093558384229,0.027858038284339966
130.0,11.25,7.380947465084568,0.027791196155984292
130.0,13.75,7.384811369151736,0.027725418882040217
130.0,16.25,7.394520129352569,0.027568302095508663
130.0,18.75,7.403406376369755,0.0274296422956959
130.0,21.25,7.486996135181246,0.026524829199206425
130.0,23.75,7.561480481494647,0.026196530437670423
130.0,26.25,7.643887534357218,0.026311808436269096
130.0,28.75,6.227031574316323,0.6283486648526253
130.0,31.25,6.124133411910532,0.8092846851318154
130.0,33.75,6.11261305475753,0.8326274413199828
130.0,36.25,6.110382894917863,0.8372277117654179
130.0,38.75,6.110011926896228,0.8379954793879134
130.0,41.25,6.109957240506064,0.8381088151613808
130.0,43.75,6.1099478469736015,0.8381283475863711
130.0,46.25,6.109945182286565,0.8381339062964961
130.0,48.75,6.109944144392457,0.8381360754349728
132.0,1.25,7.369297076705543,0.027996505774401013
132.0,3.75,7.369973910348742,0.027976723275707445
132.0,6.25,7.370256777608625,0.02797044480398908
132.0,8.75,7.373448634158407,0.027912502295777426
132.0,11.25,7.377272944116876,0.027844811422928505
132.0,13.75,7.381106553647905,0.027778168459023644
132.0,16.25,7.39073682932696,0.02761885531698035
132.0,18.75,7.399633786770192,0.027476873182350585
132.0,21.25,7.487071501993424,0.026514491667082085
132.0,23.75,7.56153492295032,0.026186470823131164
132.0,26.25,7.644012841722049,0.026301983820478936
132.0,28.75,6.226406177201202,0.6291625504702517
132.0,31.25,6.124103267463802,0.809169386855405
132.0,33.75,6.112633492607373,0.8324055513730511
132.0,36.25,6.110411944639628,0.8369868912406613
132.0,38.75,6.110042200224619,0.8377519217743863
132.0,41.25,6.109987659074357,0.8378649265640522
132.0,43.75,6.109978283226119,0.8378844172297831
132.0,46.25,6.109975621934893,0.8378899674351926
132.0,48.75,6.109974584903754,0.8378921342654113
134.0,1.25,7.36571108644354,0.028052663193749824
134.0,3.75,7.366383578538446,0.028032718790591448
134.0,6.25,7.366664439506726,0.02802637795246202
134.0,8.75,7.369832933704952,0.02796773176869402
134.0,11.25,7.373628365226266,0.02789920128169757
134.0,13.75,7.377432365807978,0.027831712341206537
134.0,16.25,7.386986051460106,0.02767024199888162
134.0,18.75,7.395900807724653,0.027524845827732177
134.0,21.25,7.48714687227399,0.0265041550603258
134.0,23.75,7.561589379145007,0.02617641192911514
134.0,26.25,7.64413829348947,0.02629216056183082
134.0,28.75,6.225783684006463,0.6299731411811257
134.0,31.25,6.124073413317446,0.8090534748348884
134.0,33.75,6.112654097199876,0.8321833198738842
134.0,36.25,6.110441145201552,0.8367457691404095
134.0,38.75,6.110072622804456,0.8375080669506576
134.0,41.25,6.110018226796683,0.8376207410472015
134.0,43.75,6.1100088686197385,0.8376401899728221
134.0,46.25,6.110006210741679,0.8376457316683449
134.0,48.75,6.11000517456385,0.8376478961741752
136.0,1.25,7.362152978412926,0.028109558897679538
136.0,3.75,7.362821221667073,0.028089454855941946
136.0,6.25,7.36310012443776,0.028083052450940615
136.0,8.75,7.36624579127293,0.028023713421346113
136.0,11.25,7.370013007566008,0.02795435697181702
136.0,13.75,7.373788085802598,0.027886036226366373
136.0,16.25,7.383267001805055,0.027722446353239505
136.0,18.75,7.392212667646536,0.027573469318927218
136.0,21.25,7.487222246086504,0.026493819998639343
136.0,23.75,7.561643846552657,0.026166354389373946
136.0,26.25,7.644263881823662,0.026282339279799782
136.0,28.75,6.225164120276679,0.6307803898769623
136.0,31.25,6.1240438520089695,0.8089369552327373
136.0,33.75,6.112674868166124,0.8319607591716789
136.0,36.25,6.110470495698089,0.836504358952441
136.0,38.75,6.110103193646198,0.8372639285495755
136.0,41.25,6.110048942686763,0.8373762722799152
136.0,43.75,6.110039602171332,0.8373956794668826
136.0,46.25,6.110036947708195,0.837401212689129
136.0,48.75,6.11003591239313,0.8374033748403159
138.0,1.25,7.35862212103245,0.028167183059690827
138.0,3.75,7.359286204638875,0.02814692157365934
138.0,6.25,7.359563195799877,0.02814045836483215
138.0,8.75,7.362686550905691,0.02808043692557634
138.0,11.25,7.366426190560421,0.028010267651117308
138.0,13.75,7.370173007253276,0.02794112879122386
138.0,16.25,7.379578901304549,0.027775455569368723
138.0,18.75,7.392215559737979,0.0275874675945087
138.0,21.25,7.487297619416878,0.02648348931278583
138.0,23.75,7.561698309246481,0.026156301069281587
138.0,26.25,7.644389570098322,0.026272522761082086
138.0,28.75,6.224547607140438,0.6315841339307594
138.0,31.25,6.1240145958868,0.8088198534610904
138.0,33.75,6.112695806821684,0.8317379178618564
138.0,36.25,6.110499995533961,0.8362627134012731
138.0,38.75,6.110133911883332,0.8370195599077809
138.0,41.25,6.110079805837446,0.8371315736604059
138.0,43.75,6.1100704830022385,0.837150939113972
138.0,46.25,6.110067831929186,0.8371564638397545
138.0,48.75,6.110066797477851,0.8371586236414986
140.0,1.25,7.355108277221426,0.028227361495314206
140.0,3.75,7.3557681391863445,0.028206947577662688
140.0,6.25,7.356043276295336,0.028200423733531255
140.0,8.75,7.359144878916301,0.028139724969292675
140.0,11.25,7.362857564054056,0.028068751259427302
140.0,13.75,7.366576686555933,0.027998804656034982
140.0,16.25,7.375943425374423,0.02783049895942856
140.0,18.75,7.3922879084513,0.027578270208609573
140.0,21.25,7.487384754903514,0.026474798685423972
140.0,23.75,7.561743311476694,0.026147952895068084
140.0,26.25,7.64449342230226,0.02626436326353866
140.0,28.75,6.224005414583452,0.6322987109136592
140.0,31.25,6.123993374148752,0.8087163379355996
140.0,33.75,6.112718574237561,0.8315416727756357
140.0,36.25,6.110530257345073,0.8360499794327816
140.0,38.75,6.110165240182283,0.8368044240660734
140.0,41.25,6.110111260845473,0.8369161355564035
140.0,43.75,6.110101953339268,0.8369354546356369
140.0,46.25,6.110099305146904,0.8369409653833837
140.0,48.75,6.110098271399086,0.8369431198731689
142.0,1.25,7.351620376844729,0.028288246252361482
142.0,3.75,7.352276105658998,0.028267681298016246
142.0,6.25,7.352549435205489,0.02826109700019718
142.0,8.75,7.355629733510372,0.028199735986081102
142.0,11.25,7.359316086378617,0.02812796346194052
142.0,13.75,7.363008160622104,0.028057220838047087
142.0,16.25,7.372306355213165,0.027886759643560816
142.0,18.75,7.392339312360383,0.027569390550798455
142.0,21.25,7.487504084739313,0.02646590697705688
142.0,23.75,7.561836819713781,0.026139590945571747
142.0,26.25,7.644597340678713,0.02625620236853922
142.0,28.75,6.223483743310427,0.6329826345472024
142.0,31.25,6.1239695693438465,0.8086179576117141
142.0,33.75,6.1127370633241656,0.8313542511580083
142.0,36.25,6.110555963382319,0.8358467201132395
142.0,38.75,6.110191976575464,0.8365988645459905
142.0,41.25,6.110138121727808,0.8367102932698008
142.0,43.75,6.110128830726799,0.8367295738325107
142.0,46.25,6.11012618647489,0.8367350751985616
142.0,48.75,6.110125153968656,0.8367372266325774
144.0,1.25,7.3481578834956,0.028349823799087695
144.0,3.75,7.348809561369868,0.02832910982249772
144.0,6.25,7.349081123764176,0.028322465752002993
144.0,8.75,7.3521406133200875,0.02826044581362349
144.0,11.25,7.355801167888917,0.02818789220681094
144.0,13.75,7.359466814485342,0.02811636560707878
144.0,16.25,7.368700516948085,0.02794373787283642
144.0,18.75,7.39239077124493,0.02756050300375946
144.0,21.25,7.487623709911154,0.02645700751857065
144.0,23.75,7.561930438364171,0.026131220824376796
144.0,26.25,7.642265759074329,0.026364871176990455
144.0,28.75,6.222970596296318,0.6336541379760078
144.0,31.25,6.123945072537879,0.8085207889940541
144.0,33.75,6.112754337296068,0.8311691789759275
144.0,36.25,6.11058037124626,0.8356460020870121
144.0,38.75,6.110217402075669,0.8363958761494024
144.0,41.25,6.110163669072961,0.8365070281645253
144.0,43.75,6.110154393378544,0.836526272872002
144.0,46.25,6.110151752292878,0.8365317665205523
144.0,48.75,6.110150720678739,0.8365339156616363
146.0,1.25,7.3447202713320765,0.028412082580217005
146.0,3.75,7.34536797781777,0.028391221530470086
146.0,6.25,7.345637814498627,0.028384518293920014
146.0,8.75,7.348676938360916,0.028321848440210254
146.0,11.25,7.3523122428674625,0.028248525153647303
146.0,13.75,7.3559520587861575,0.028176226253413875
146.0,16.25,7.365125226008404,0.02800141745192365
146.0,18.75,7.392442288239875,0.02755160731904694
146.0,21.25,7.487783182690491,0.026447860466279723
146.0,23.75,7.56197558201636,0.02612285281089326
146.0,26.25,7.635188832955826,0.02670488817126615
146.0,28.75,6.222461522628257,0.6343200271613033
146.0,31.25,6.123920493672475,0.8084236154434952
146.0,33.75,6.112771346048105,0.8309845041234747
146.0,36.25,6.110604487718731,0.835445744127794
146.0,38.75,6.110242532499226,0.8361933568475693
146.0,41.25,6.11018892059088,0.8363042338904801
146.0,43.75,6.110179659826123,0.836323443550655
146.0,46.25,6.110177021697858,0.836328929920846
146.0,48.75,6.1101759908640725,0.8363310770000221
148.0,1.25,7.341307033389355,0.028475011255795782
148.0,3.75,7.34195084552179,0.02845400501905819
148.0,6.25,7.342218996761352,0.02844724319220405
148.0,8.75,7.3452381825792585,0.028383932139103847
148.0,11.25,7.348848765774668,0.028309850222514858
148.0,13.75,7.352463326026653,0.028236790317859653
148.0,16.25,7.361579820563328,0.028059783006365406
148.0,18.75,7.3924938666277225,0.027542702981636687
148.0,21.25,7.48790345106374,0.026438945413438556
148.0,23.75,7.5620693272739095,0.026114465606948797
148.0,26.25,7.628175641374132,0.027047358463955343
148.0,28.75,6.221954566598288,0.634983293777751
148.0,31.25,6.1238960209515385,0.8083260604746031
148.0,33.75,6.112788375405293,0.8307996383015245
148.0,36.25,6.110628614404551,0.8352453219445917
148.0,38.75,6.110267672001624,0.8359906764760521
148.0,41.25,6.110214181831007,0.8361012810459546
148.0,43.75,6.110204935069569,0.8361204538404864
148.0,46.25,6.1102022998361205,0.8361259330743708
148.0,48.75,6.1102012697577175,0.8361280781447145
150.0,1.25,7.337917674154056,0.028538599964774664
150.0,3.75,7.338557666481112,0.028517450368608734
150.0,6.25,7.338824138724389,0.02851063692413025
150.0,8.75,7.341823832123831,0.028446686686152425
150.0,11.25,7.345410204131196,0.02837185684872284
150.0,13.75,7.3490000626170096,0.028298046876366605
150.0,16.25,7.358063658360702,0.028118820755674633
150.0,18.75,7.392545503074814,0.027533790614438954
150.0,21.25,7.488063586388057,0.02642978222801009
150.0,23.75,7.562114579088663,0.02610608189295058
150.0,26.25,7.621212345881373,0.02739291435268095
150.0,28.75,6.221449139213127,0.6356448367566095
150.0,31.25,6.123871713296815,0.8082280076612899
150.0,33.75,6.112805511915731,0.8306144049561024
150.0,36.25,6.110652842158735,0.835044549069241
150.0,38.75,6.110292911446021,0.8357876483398411
150.0,41.25,6.110239543312606,0.8358979744709413
150.0,43.75,6.1102303102238,0.8359171164934427
150.0,46.25,6.1102276785455825,0.835922587264363
150.0,48.75,6.110226649198338,0.8359247303780963
152.0,1.25,7.334551719210089,0.028602838297770827
152.0,3.75,7.3351879621571126,0.028581547157483674
152.0,6.25,7.3354528321542425,0.02857467614772733
152.0,8.75,7.338433394343903,0.0285101013447797
152.0,11.25,7.341996048184193,0.028434533955453905
152.0,13.75,7.345561738532334,0.028359984515782154
152.0,16.25,7.354576123992111,0.02817851655079486
152.0,18.75,7.392597198870761,0.027524869993427334
152.0,21.25,7.488184497389802,0.02642085227697696
152.0,23.75,7.562208440734641,0.02609767779792337
152.0,26.25,7.614289541018475,0.027742010748806063
152.0,28.75,6.220945125205699,0.6363048310377095
152.0,31.25,6.123847590965982,0.8081294220847729
152.0,33.75,6.112822782218418,0.830428755090487
152.0,36.25,6.110677198529545,0.8348433743767404
152.0,38.75,6.110318279448035,0.8355842190803571
152.0,41.25,6.110265033408659,0.8356942666125785
152.0,43.75,6.1102558139524765,0.8357133780589768
152.0,46.25,6.110253185614193,0.8357188407862413
152.0,48.75,6.110252156996925,0.8357209819440392
154.0,1.25,7.331208707639931,0.028667716620245497
154.0,3.75,7.3318412712503225,0.028646285652631137
154.0,6.25,7.332104575968024,0.028639357573654448
154.0,8.75,7.335066392313988,0.028574166133584485
154.0,11.25,7.338605803125266,0.02849787127437479
154.0,13.75,7.342147839529136,0.028422592650847855
154.0,16.25,7.3511166248068625,0.02823885707408085
154.0,18.75,7.392648952688446,0.027515941365120693
154.0,21.25,7.488345287911037,0.026411673431229642
154.0,23.75,7.562253799163855,0.026089278775382176
154.0,26.25,7.6074006384477,0.028094979286447663
154.0,28.75,6.220442492804127,0.636963314853735
154.0,31.25,6.123823658575397,0.808030289565031
154.0,33.75,6.112840193627215,0.8302426687031861
154.0,36.25,6.110701691226229,0.8346417769427149
154.0,38.75,6.110343783880117,0.8353803674574468
154.0,41.25,6.110290659417381,0.8354901393107401
154.0,43.75,6.110281454170229,0.835509217191079
154.0,46.25,6.110278828849782,0.8355146725330594
154.0,48.75,6.110277800952584,0.8355168117511211
156.0,1.25,7.327888197965799,0.028733224776080323
156.0,3.75,7.32851715023267,0.02871165564195934
156.0,6.25,7.3287789256915215,0.028704670959512922
156.0,8.75,7.331722368531982,0.028638870581510815
156.0,11.25,7.335238995095305,0.02856185804839658
156.0,13.75,7.338757873013693,0.028485860228157547
156.0,16.25,7.347684592586561,0.02829982864605203
156.0,18.75,7.392700767566214,0.02750700418831768
156.0,21.25,7.488466849858147,0.026402728359880237
156.0,23.75,7.56234777460685,0.02608085745280586
156.0,26.25,7.600540925544003,0.028452078568641
156.0,28.75,6.2199412408078025,0.637620283453078
156.0,31.25,6.1237999190715895,0.807930604360022
156.0,33.75,6.112857749648419,0.8300561388529042
156.0,36.25,6.110726323851404,0.8344397496054694
156.0,38.75,6.110369428120502,0.83517608673161
156.0,41.25,6.11031642483144,0.8352855837959915
156.0,43.75,6.110307234248551,0.8353046271914502
156.0,46.25,6.110304611848248,0.835310075323556
156.0,48.75,6.110303584681973,0.8353122125987849
158.0,1.25,7.324589756456235,0.02879935419359466
158.0,3.75,7.325215131803412,0.028777654895443133
158.0,6.25,7.325475444543378,0.028770607660690384
158.0,8.75,7.328400874033081,0.028704205812053633
158.0,11.25,7.3318951594148825,0.028626485126003583
158.0,13.75,7.335391356245655,0.028549777817327624
158.0,16.25,7.3442794744409055,0.02836141922147003
158.0,18.75,7.392752639499194,0.027498059191223327
158.0,21.25,7.488628300209744,0.026393533754216714
158.0,23.75,7.562393240474476,0.0260724430197812
158.0,26.25,7.593706925039073,0.028813510539015368
158.0,28.75,6.219441380336045,0.6382757153017175
158.0,31.25,6.123776374759021,0.8078303648565293
158.0,33.75,6.112875451978681,0.8298691652086859
158.0,36.25,6.110751097954549,0.8342372923345864
158.0,38.75,6.110395213650398,0.8349713770167134
158.0,41.25,6.110342331459941,0.8350805995165425
158.0,43.75,6.110333155677766,0.8350996081558386
158.0,46.25,6.110330536167155,0.8351050491631995
158.0,48.75,6.110329509735,0.8351071844621714
160.0,1.25,7.321312968219743,0.028866095558077724
160.0,3.75,7.321934865779923,0.02884426127365321
160.0,6.25,7.322193714657325,0.028837158293621774
160.0,8.75,7.325101479756768,0.028770162208807095
160.0,11.25,7.328573851957097,0.028691742631771124
160.0,13.75,7.332047827776282,0.02861433528120036
160.0,16.25,7.340900741053902,0.028423616148499677
160.0,18.75,7.392804569942834,0.027489106117653494
160.0,21.25,7.488750509525416,0.02638457426759943
160.0,23.75,7.5624873193849345,0.026064005025934416
160.0,26.25,7.586895974709567,0.02917944902520289
160.0,28.75,6.21894292954003,0.6389295793204823
160.0,31.25,6.1237530276975205,0.8077295716843836
160.0,33.75,6.1128933013727975,0.8296817511807651
160.0,36.25,6.110776014096286,0.8340344090070025
160.0,38.75,6.110421140976304,0.8347662423223104
160.0,41.25,6.1103683798653075,0.8348751903160613
160.0,43.75,6.1103592189371545,0.8348941640837462
160.0,46.25,6.110356602313615,0.8348995979539495
160.0,48.75,6.11035557661852,0.8349017312908047
162.0,1.25,7.318057430138368,0.028933440362169216
162.0,3.75,7.3186759120724085,0.028911472606897883
162.0,6.25,7.318933330520988,0.028904314271190328
162.0,8.75,7.321823767726489,0.02883673100949745
162.0,11.25,7.325274640244493,0.02875762155825098
162.0,13.75,7.328726838347002,0.028679523369985197
162.0,16.25,7.337547882255362,0.028486407624392838
162.0,18.75,7.392856557129206,0.02748014529291598
162.0,21.25,7.488912612455434,0.0263753644705942
162.0,23.75,7.562532890082608,0.026055575693111843
162.0,26.25,7.58010587050156,0.029550046088779914
162.0,28.75,6.21844588844377,0.6395818658294634
162.0,31.25,6.123729877475484,0.8076282222006343
162.0,33.75,6.112911297604273,0.8294938937785552
162.0,36.25,6.110801072061544,0.8338310966151266
162.0,38.75,6.110447209882908,0.834560679620437
162.0,41.25,6.110394569877564,0.834669353130598
162.0,43.75,6.1103854238389825,0.8346882919615048
162.0,46.25,6.110382810121201,0.8346937186784963
162.0,48.75,6.11038178515006,0.8346958500626973
164.0,1.25,7.314822755468221,0.029001379532015432
164.0,3.75,7.315437882255137,0.02897927977073267
164.0,6.25,7.315693902875286,0.028972066451048384
164.0,8.75,7.3185673376674005,0.02890390288169593
164.0,11.25,7.321997110095447,0.028824112341471555
164.0,13.75,7.325427957665272,0.028745332291755302
164.0,16.25,7.334220408471557,0.028549781400511003
164.0,18.75,7.392908603680553,0.027471176251152266
164.0,21.25,7.489035475303567,0.02636639054221886
164.0,23.75,7.562627069903822,0.026047120899428167
164.0,26.25,7.573334761269625,0.029925446289424246
164.0,28.75,6.217950263791902,0.6402325584481123
164.0,31.25,6.123706925539208,0.807526314680514
164.0,33.75,6.112929441760521,0.8293055921344858
164.0,36.25,6.110826272863925,0.833627354375518
164.0,38.75,6.110473421370185,0.8343546881736706
164.0,41.25,6.110420902514788,0.8344630871582496
164.0,43.75,6.110411771372749,0.8344819910523849
164.0,46.25,6.110409160545477,0.8344874106360864
164.0,48.75,6.110408136313819,0.8344895400401493
166.0,1.25,7.311608563943038,0.029069905386278388
166.0,3.75,7.312220394349208,0.029047675040277544
166.0,6.25,7.3124750489905885,0.02904040708536208
166.0,8.75,7.315331796278491,0.02897166989466172
166.0,11.25,7.318740854835859,0.028891206829283925
166.0,13.75,7.322150763453472,0.028811753682367748
166.0,16.25,7.330917843880845,0.028613726624307566
166.0,18.75,7.392960705986858,0.027462199648579416
166.0,21.25,7.48919823239288,0.02635716561956613
166.0,23.75,7.5626727454025255,0.0260386767147154
166.0,26.25,7.56658103927861,0.0303057820891558
166.0,28.75,6.217456065043281,0.6408816372659095
166.0,31.25,6.123684173322408,0.8074238483252831
166.0,33.75,6.1129477345563314,0.8291168469164176
166.0,36.25,6.110851617131395,0.8334231832380425
166.0,38.75,6.110499776045814,0.8341482689734812
166.0,41.25,6.110447378376651,0.8342563934306501
166.0,43.75,6.1104382621489215,0.834275262332186
166.0,46.25,6.110435654210735,0.8342806747848693
166.0,48.75,6.110434630726392,0.8342828021975169
168.0,1.25,7.308414492979168,0.029139009326671832
168.0,3.75,7.309023084221559,0.02911664977309135
168.0,6.25,7.309276404007691,0.02910932750988034
168.0,8.75,7.312116768524441,0.0290400232122513
168.0,11.25,7.315505486578491,0.028958895978043152
168.0,13.75,7.318894852804846,0.02887877830109524
168.0,16.25,7.327639734101244,0.02867823163969394
168.0,18.75,7.393012866453205,0.0274532150582959
168.0,21.25,7.489321748342526,0.02634817771753447
168.0,23.75,7.562767018348533,0.026030205452583086
168.0,26.25,7.559843261890168,0.03069118664572495
168.0,28.75,6.216963301762685,0.6415290818647718
168.0,31.25,6.123661621983108,0.8073208225253626
168.0,33.75,6.11296617648927,0.8289276590089266
168.0,36.25,6.110877105215957,0.8332185843586649
168.0,38.75,6.110526274255899,0.8339414231826257
168.0,41.25,6.110473997800736,0.8340492731077112
168.0,43.75,6.110464896496384,0.8340681070135278
168.0,46.25,6.110462291459028,0.8340735123102221
168.0,48.75,6.110461268717546,0.8340756377226027
170.0,1.25,7.305240185741644,0.02920868408748551
170.0,3.75,7.305845593471382,0.029186196662849107
170.0,6.25,7.306097608832512,0.029178820397060757
170.0,8.75,7.308921884947583,0.029108955363787634
170.0,11.25,7.312290623551879,0.029027172110756512
170.0,13.75,7.315659829706867,0.028946398283965894
170.0,16.25,7.324385637445954,0.02874328611807111
170.0,18.75,7.393065081447027,0.027444223139838693
170.0,21.25,7.489485153661031,0.026338938154489594
170.0,23.75,7.562812796459634,0.026021746852229286
170.0,26.25,7.553120111231354,0.031081786815219906
170.0,28.75,6.2164719844702265,0.6421748707321981
170.0,31.25,6.123639272820509,0.8072172369605674
170.0,33.75,6.112984768025764,0.8287380298260714
170.0,36.25,6.110902737462357,0.8330135594550795
170.0,38.75,6.110552916316684,0.8337341525835248
170.0,41.25,6.1105007611144355,0.8338417279633189
170.0,43.75,6.110491674749651,0.8338605268436942
170.0,46.25,6.1104890726142385,0.8338659249888174
170.0,48.75,6.110488050618902,0.8338680484197435
172.0,1.25,7.302085273177848,0.029278927345280297
172.0,3.75,7.302687579615292,0.029256307649847196
172.0,6.25,7.302938320306476,0.029248877635031378
172.0,8.75,7.305746793718971,0.029178458088547424
172.0,11.25,7.309095901967082,0.029096026777871802
172.0,13.75,7.312445316017778,0.029014605016638342
172.0,16.25,7.321155132349746,0.028808879035484614
172.0,18.75,7.393117352497158,0.0274352236234938
172.0,21.25,7.4896093199902385,0.026329936946995782
172.0,23.75,7.562944416033665,0.02601320911345275
172.0,26.25,7.546432148713472,0.03147337472369631
172.0,28.75,6.215982125082857,0.6428189804847654
172.0,31.25,6.123617127168278,0.8071130916684964
172.0,33.75,6.113003509596752,0.8285479614031912
172.0,36.25,6.110928514133535,0.832808110896388
172.0,38.75,6.11057970246751,0.8335264596094589
172.0,41.25,6.110527668544035,0.8336337604201481
172.0,43.75,6.110518597132975,0.8336525242765052
172.0,46.25,6.110515997901313,0.833657915255565
172.0,48.75,6.110514976645763,0.8336600367043119
174.0,1.25,7.29894947593631,0.029349721089901068
174.0,3.75,7.299548704892544,0.029326976001415123
174.0,6.25,7.299798200455336,0.029319492552492835
174.0,8.75,7.30259114761318,0.029248524474468355
174.0,11.25,7.305920963063872,0.029165452901056675
174.0,13.75,7.309250939382947,0.0290833912611945
174.0,16.25,7.317947808453258,0.028875000689847174
174.0,18.75,7.393169675030444,0.02742621733676038
174.0,21.25,7.4897733773251405,0.02632068365092707
174.0,23.75,7.563027581163959,0.02600468604684461
174.0,26.25,7.539771742718995,0.031869359311273375
174.0,28.75,6.215493733317245,0.6434613954549256
174.0,31.25,6.12359518759839,0.807008389569945
174.0,33.75,6.11302240175488,0.8283574609011443
174.0,36.25,6.110954435430627,0.8326022466408464
174.0,38.75,6.110606632872181,0.833318352295437
174.0,41.25,6.110554720260975,0.8334253785635476
174.0,43.75,6.110545663806289,0.8334441073481326
174.0,46.25,6.110543067483708,0.8334494911517899
174.0,48.75,6.1105420469710525,0.8334516106161186
176.0,1.25,7.295832447069483,0.029421062886106436
176.0,3.75,7.296428650078611,0.029398193619550973
176.0,6.25,7.296676928978733,0.02939065695160766
176.0,8.75,7.299454617832031,0.02931914627331357
176.0,11.25,7.302765467002844,0.029235442067376348
176.0,13.75,7.306076346811949,0.029152748462529722
176.0,16.25,7.314763279771051,0.02894164003852586
176.0,18.75,7.393222052512528,0.02741720366166607
176.0,21.25,7.4898981867104295,0.026311669958062008
176.0,23.75,7.563159427159345,0.025996132977619286
176.0,26.25,7.533133726615219,0.03227007676951757
176.0,28.75,6.2150068138864665,0.6441020986992279
176.0,31.25,6.123573453386075,0.8069031290135075
176.0,33.75,6.113041443707063,0.8281665268902951
176.0,36.25,6.110980500550453,0.8323959652547736
176.0,38.75,6.11063370672543,0.8331098292505459
176.0,41.25,6.110581915443412,0.8332165809870362
176.0,43.75,6.110572873962339,0.8332352746883858
176.0,46.25,6.110570280559402,0.8332406512985447
176.0,48.75,6.110569260789028,0.8332427687685173
178.0,1.25,7.292733871320213,0.029492946218473644
178.0,3.75,7.293327098595803,0.029469953954999274
178.0,6.25,7.293574188815054,0.029462364292579937
178.0,8.75,7.296336878850723,0.02939031678005838
178.0,11.25,7.299629077610829,0.029305987412647956
178.0,13.75,7.302921189367821,0.02922266962386754
178.0,16.25,7.311601170846004,0.02900878750134223
178.0,18.75,7.393274481247546,0.02740818326734106
178.0,21.25,7.49006291144621,0.026302403128785616
178.0,23.75,7.563242786857736,0.02598759632428703
178.0,26.25,7.526514204996159,0.032675802679075154
178.0,28.75,6.2145213793591845,0.6447410656350844
178.0,31.25,6.123551926145169,0.8067973094549991
178.0,33.75,6.113060636364764,0.8279751603388611
178.0,36.25,6.1110067102920675,0.8321892680419551
178.0,38.75,6.110660924796452,0.8329008917391553
178.0,41.25,6.110609254857856,0.8330073689544804
178.0,43.75,6.110600228361253,0.8330260275817528
178.0,46.25,6.110597637877421,0.8330313969966945
178.0,48.75,6.110596618856805,0.8330335124722763
180.0,1.25,7.28965344806889,0.029565363701732947
180.0,3.75,7.290243748661137,0.029542249584942813
180.0,6.25,7.290489677634417,0.029534607133424273
180.0,8.75,7.293237620241399,0.029462028426497342
180.0,11.25,7.296511474200375,0.029377081220479318
180.0,13.75,7.299785134021954,0.0292931469090217
180.0,16.25,7.308461126263432,0.029076432640315557
180.0,18.75,7.3933269629450376,0.027399155850808356
180.0,21.25,7.490188364355962,0.026293377415405966
180.0,23.75,7.563374849634832,0.02597902831435041
180.0,26.25,7.519910710060713,0.03308673626981379
180.0,28.75,6.214037443739153,0.6453782699121577
180.0,31.25,6.12353060737089,0.8066909312719865
180.0,33.75,6.11307998021163,0.8277833637743103
180.0,36.25,6.11103306494648,0.8319821578631597
180.0,38.75,6.110688287353957,0.832691542772509
180.0,41.25,6.110636738812012,0.8327977454790082
180.0,43.75,6.110627727295786,0.8328163689894952
180.0,46.25,6.110625139733151,0.8328217312034186
180.0,48.75,6.110624121463321,0.8328238446648328
182.0,1.25,7.2865908806073305,0.029638309143507468
182.0,3.75,7.287178302369558,0.029615074282967464
182.0,6.25,7.2874230970163065,0.029607379228701287
182.0,8.75,7.290156535798397,0.02953427484465287
182.0,11.25,7.29341234065603,0.02944871698129351
182.0,13.75,7.296667852644678,0.029364173699143858
182.0,16.25,7.305342805677473,0.029144565998407992
182.0,18.75,7.393379493881063,0.0273901220851579
182.0,21.25,7.490353745542665,0.026284097815989622
182.0,23.75,7.563458396953749,0.025970478826694416
182.0,26.25,7.513321073581767,0.03350306695862687
182.0,28.75,6.213555019683903,0.6460136868906758
182.0,31.25,6.12350949827955,0.8065839949372589
182.0,33.75,6.113099475486575,0.827591139777761
182.0,36.25,6.111059564585801,0.831774637694276
182.0,38.75,6.110715794461316,0.8324817853236287
182.0,41.25,6.11066436730641,0.8325877135622317
182.0,43.75,6.110655370799556,0.8326063019350007
182.0,46.25,6.110652786160356,0.8326116569475022
182.0,48.75,6.110651768647462,0.832613768393159
184.0,1.25,7.283545885976897,0.02971177550460302
184.0,3.75,7.284130475704258,0.029688420974136938
184.0,6.25,7.284374162449393,0.02968067348491028
184.0,8.75,7.287093333480612,0.029607048827256423
184.0,11.25,7.290331375382935,0.02952088735607574
184.0,13.75,7.293569032031445,0.029435742557157103
184.0,16.25,7.302245891905684,0.02921317733378346
184.0,18.75,7.393432075514901,0.027381081711660777
184.0,21.25,7.490479836323672,0.026275060917587658
184.0,23.75,7.5635906620434765,0.025961896589796005
184.0,26.25,7.506743954209932,0.03392493856257758
184.0,28.75,6.213074121684893,0.6466472897850746
184.0,31.25,6.123488600331729,0.8064765015125721
184.0,33.75,6.1131191224662045,0.827398491948464
184.0,36.25,6.111086209283366,0.8315667115636048
184.0,38.75,6.110743446139158,0.832271623523877
184.0,41.25,6.110692140394468,0.8323772773224501
184.0,43.75,6.110683158904645,0.8323958305376662
184.0,46.25,6.110680577189216,0.8324011783446341
184.0,48.75,6.110679560423085,0.8324032877909096
186.0,1.25,7.280518184663041,0.029785756893144062
186.0,3.75,7.281099988056723,0.02976228373410409
186.0,6.25,7.281342592858464,0.0297544839592979
186.0,8.75,7.284047724969648,0.02968034432091365
186.0,11.25,7.2872682808241755,0.0295935861656718
186.0,13.75,7.290488363279209,0.02950784721631806
186.0,16.25,7.29917008811469,0.029282256956327
186.0,18.75,7.393484704069102,0.0273720354126106
186.0,21.25,7.490645860972363,0.026265769414897194
186.0,23.75,7.56367439006323,0.025953335094483155
186.0,26.25,7.500177916598369,0.03435250683939322
186.0,28.75,6.212594762506662,0.6472790538577071
186.0,31.25,6.12346791467335,0.8063684518898133
186.0,33.75,6.113138921207802,0.8272054234630104
186.0,36.25,6.111112998911848,0.8313583831015209
186.0,38.75,6.110771242252291,0.8320610610404234
186.0,41.25,6.110720057928258,0.8321664404286595
186.0,43.75,6.1107110914693346,0.8321849584636161
186.0,46.25,6.110708512677415,0.832190299065202
186.0,48.75,6.1107074966604324,0.8321924065095653
188.0,1.25,7.277507510069808,0.02986024659583422
188.0,3.75,7.2780865718674495,0.029836655815434016
188.0,6.25,7.278328120230576,0.029828803886591485
188.0,8.75,7.281019435247615,0.029754154457764748
188.0,11.25,7.284222773048586,0.02966680642545739
188.0,13.75,7.287425551456971,0.02958048061519336
188.0,16.25,7.296115129655167,0.029351794175825955
188.0,18.75,7.393537380717107,0.027362982976690722
188.0,21.25,7.490772582273087,0.02625672227752337
188.0,23.75,7.563806842085616,0.025944739435548043
188.0,26.25,7.49362211979164,0.03478589359203782
188.0,28.75,6.212116957736642,0.6479089510459736
188.0,31.25,6.123447442837049,0.8062598476756819
188.0,33.75,6.113158871928339,0.8270119388003965
188.0,36.25,6.111139933436774,0.831149657261176
188.0,38.75,6.110799182729582,0.8318501028866431
188.0,41.25,6.110748119847006,0.8319552078966462
188.0,43.75,6.110739168420015,0.8319736907568336
188.0,46.25,6.110736592553871,0.8319790241440163
188.0,48.75,6.11073557728689,0.8319811295837036
190.0,1.25,7.2745135986149645,0.029935239005467615
190.0,3.75,7.275089962556366,0.029911531579808637
190.0,6.25,7.275330479570865,0.029903627610050477
190.0,8.75,7.278008192563569,0.02982847348176724
190.0,11.25,7.281194571675803,0.02974054226819513
190.0,13.75,7.284380305419582,0.02965363681956368
190.0,16.25,7.293080789930091,0.02942177856503052
190.0,18.75,7.393590101582032,0.027353925104083583
190.0,21.25,7.4909392349800665,0.026247419865310945
190.0,23.75,7.563890743152928,0.025936166868302985
190.0,26.25,7.487075470210109,0.03522524196686008
190.0,28.75,6.211640720894635,0.648536955615004
190.0,31.25,6.123427185943701,0.8061506902358617
190.0,33.75,6.113178974565092,0.8268180417640387
190.0,36.25,6.111167012603771,0.8309405383421907
190.0,38.75,6.11082726728542,0.8316387534599534
190.0,41.25,6.110776325834127,0.8317435841721211
190.0,43.75,6.110767389450658,0.8317620318369872
190.0,46.25,6.110764816525367,0.8317673579791032
190.0,48.75,6.110763802014214,0.8317694614073626
192.0,1.25,7.271536198808374,0.030010727730369547
192.0,3.75,7.272109907755773,0.029986904602776313
192.0,6.25,7.2723494180964865,0.02997894868814614
192.0,8.75,7.275013737608467,0.029903294858699525
192.0,11.25,7.278183409065506,0.029814787056760432
192.0,13.75,7.281352347022122,0.029727309136185594
192.0,16.25,7.290066906158724,0.029492197749246014
192.0,18.75,7.393642867460011,0.027344861651031956
192.0,21.25,7.49106657722095,0.026238363582540274
192.0,23.75,7.5640233647417,0.025927558726728507
192.0,26.25,7.480537384994084,0.0356706647316407
192.0,28.75,6.211166069485398,0.649163037117701
192.0,31.25,6.123407145644059,0.806040981881428
192.0,33.75,6.11319922923435,0.8266237380275107
192.0,36.25,6.111194236275293,0.8307310325203795
192.0,38.75,6.110855495741407,0.8314270189849489
192.0,41.25,6.110804675718696,0.8315315754721331
192.0,43.75,6.11079575438251,0.8315499879397782
192.0,46.25,6.110793184408107,0.8315553068255862
192.0,48.75,6.110792170641565,0.831557408228434
194.0,1.25,7.2685750617276685,0.03008670745884365
194.0,3.75,7.269146157626489,0.03006276954309991
194.0,6.25,7.269384685587354,0.030054761761834532
194.0,8.75,7.272035813865106,0.029978613139794923
194.0,11.25,7.2751890206248175,0.029889535244447204
194.0,13.75,7.278341401294766,0.029801491972860878
194.0,16.25,7.28707342000863,0.02956303798232483
194.0,18.75,7.393695674189454,0.02733579336244532
194.0,21.25,7.491233838824147,0.026229051451832238
194.0,23.75,7.564107429533128,0.025918976204384166
194.0,26.25,7.474006972017764,0.036122299715696686
194.0,28.75,6.21069301836474,0.649787168286059
194.0,31.25,6.123387323124331,0.8059307247768318
194.0,33.75,6.113219635724944,0.8264290326398941
194.0,36.25,6.1112216039711305,0.8305211454708914
194.0,38.75,6.110883867590058,0.8312149052305551
194.0,41.25,6.110833168996346,0.8313191875593633
194.0,43.75,6.1108242627357505,0.831337564774825
194.0,46.25,6.11082169569562,0.8313428764305474
194.0,48.75,6.1108206826883364,0.8313449758308732
196.0,1.25,7.265629949600259,0.0301631721653432
196.0,3.75,7.2661984735929375,0.03013912034332248
196.0,6.25,7.2664360430999215,0.03013106075680014
196.0,8.75,7.269074176290659,0.03005442216768065
196.0,11.25,7.272211153507114,0.029964780583579338
196.0,13.75,7.275347205080469,0.029876179049642453
196.0,16.25,7.284100490907517,0.029634280209389803
196.0,18.75,7.393748521844033,0.027326720219910478
196.0,21.25,7.491361788290324,0.026219987401856548
196.0,23.75,7.564240199268745,0.025910356786129782
196.0,26.25,7.467483839945169,0.036580253466626134
196.0,28.75,6.210221587619365,0.6504093160515922
196.0,31.25,6.12336772030562,0.8058199226339922
196.0,33.75,6.1132401940320555,0.8262339334156281
196.0,36.25,6.11124911535454,0.8303108857060788
196.0,38.75,6.110912382433854,0.8310024208340309
196.0,41.25,6.110861805260653,0.8311064290886768
196.0,43.75,6.110852914071288,0.8311247710694499
196.0,46.25,6.110850349979471,0.8311300754672916
196.0,48.75,6.110849337725922,0.8311321728497529
198.0,1.25,7.262700626417839,0.030240116961149754
198.0,3.75,7.2632666187957,0.030215952086106185
198.0,6.25,7.26350325342731,0.030207840738158145
198.0,8.75,7.266128581800731,0.030130716926114475
198.0,11.25,7.26924955705233,0.03004051797203692
198.0,13.75,7.272369497122797,0.029951365248445636
198.0,16.25,7.281148813499635,0.02970589402337885
198.0,18.75,7.393801405213759,0.02731764314592213
198.0,21.25,7.49152963077393,0.026210667229536598
198.0,23.75,7.564324414103999,0.02590176586975271
198.0,26.25,7.460967271267372,0.03704465894084532
198.0,28.75,6.209751799609984,0.6510294435890321
198.0,31.25,6.123348338791452,0.8057085798019846
198.0,33.75,6.113260903689181,0.8260384491024346
198.0,36.25,6.111276769588906,0.8301002627912611
198.0,38.75,6.110941039395617,0.8307895754522603
198.0,41.25,6.110890583632952,0.8308933097235881
198.0,43.75,6.110881707521985,0.8309116164548521
198.0,46.25,6.110879146374126,0.8309169135960067
198.0,48.75,6.110878134876724,0.8309190089626419
200.0,1.25,7.259786865213211,0.030317536558337275
200.0,3.75,7.260350365505322,0.03029325945524785
200.0,6.25,7.260586088510168,0.030285096372526226
200.0,8.75,7.263198796642299,0.030207492005912065
200.0,11.25,7.266303990177159,0.030116741921246498
200.0,13.75,7.2694080246494615,0.030027045096555852
200.0,16.25,7.278220986943525,0.029777807096983775
200.0,18.75,7.393854321601452,0.02730856259540642
200.0,21.25,7.491658160167021,0.026201597732764696
200.0,23.75,7.5644572966220895,0.02589313727934541
200.0,26.25,7.454457093902151,0.037515613134021464
200.0,28.75,6.20928369401214,0.6516474928297145
200.0,31.25,6.12332918182312,0.8055967049738094
200.0,33.75,6.113281764385612,0.8258425958721742
200.0,36.25,6.111304565752075,0.8298892942220066
200.0,38.75,6.110969837447017,0.8305763868115427
200.0,41.25,6.110919503065535,0.8306798472279715
200.0,43.75,6.110910642033915,0.8306981187121436
200.0,46.25,6.110908083842009,0.8307034085743655
200.0,48.75,6.110907073101717,0.8307055019105847
202.0,1.25,7.244776971702346,0.03011502225478041
202.0,3.75,7.261707466817239,0.02949487218520108
202.0,6.25,7.262018244496954,0.029485737668989796
202.0,8.75,7.264596381294838,0.02941228434277452
202.0,11.25,7.267753194347401,0.029325014050931988
202.0,13.75,7.271828431963454,0.029214802268360963
202.0,16.25,7.289841158726121,0.02875539521054356
202.0,18.75,7.403615246323816,0.026443708702310866
202.0,21.25,7.499477781643801,0.025423841457733836
202.0,23.75,7.572074862081931,0.025144214405445467
202.0,26.25,7.329848022998938,0.04739678505155625
202.0,28.75,6.19046102470613,0.6709531684346686
202.0,31.25,6.121507791983694,0.7960723868870963
202.0,33.75,6.113226461531889,0.8125744005004526
202.0,36.25,6.111569902735224,0.8159253900955253
202.0,38.75,6.1112834079823894,0.8165126682841047
202.0,41.25,6.111238932441003,0.8166091088879561
202.0,43.75,6.111230671936363,0.8166306810948918
202.0,46.25,6.111228139912687,0.8166390229053238
202.0,48.75,6.1112271029970655,0.8166427322577311
204.0,1.25,7.231104160385842,0.030138218214726863
204.0,3.75,7.261618500884232,0.0290084931284856
204.0,6.25,7.262035213514265,0.028997164555559427
204.0,8.75,7.264679696374418,0.028923982429161107
204.0,11.25,7.2680376466621075,0.028833692889952366
204.0,13.75,7.27313629199701,0.028697655998737966
204.0,16.25,7.297848114643511,0.028073278294664106
204.0,18.75,7.410263657127446,0.025879772050184918
204.0,21.25,7.504869773062575,0.024915633090011664
204.0,23.75,7.5773265149125315,0.024654677080810945
204.0,26.25,7.175127700855293,0.0648225757070203
204.0,28.75,6.176938749062454,0.6858238498774777
204.0,31.25,6.122489469702148,0.7854239198155426
204.0,33.75,6.1157048955663615,0.7987521246973472
204.0,36.25,6.11432206310496,0.8015024568654887
204.0,38.75,6.114076295989751,0.8019967528178444
204.0,41.25,6.1140360161549285,0.8020815259217207
204.0,43.75,6.114027547385782,0.8021018799529069
204.0,46.25,6.1140245473428685,0.8021101648547084
204.0,48.75,6.1140232441755105,0.8021139201740182
206.0,1.25,7.218245946569242,0.030265070937036842
206.0,3.75,7.26091539384939,0.028664437939474697
206.0,6.25,7.261463063244279,0.02865065585050274
206.0,8.75,7.264208405812231,0.0285763806236989
206.0,11.25,7.267760299687711,0.02848214604556018
206.0,13.75,7.273764511624763,0.028322315209524555
206.0,16.25,7.303994189828067,0.02756617327955467
206.0,18.75,7.4153713236082,0.025460003057937206
206.0,21.25,7.509039256402389,0.02453739183125543
206.0,23.75,7.581377376142304,0.024290766809394723
206.0,26.25,7.022806350988161,0.08941442754536869
206.0,28.75,6.167790633798174,0.6955108120908947
206.0,31.25,6.124053481681979,0.7758783158239058
206.0,33.75,6.1183954287378945,0.7868510223086712
206.0,36.25,6.117222087054555,0.7891503034057334
206.0,38.75,6.117008794889803,0.7895725056538149
206.0,41.25,6.116972596685216,0.789647118299171
206.0,43.75,6.116964552447134,0.7896656651287236
206.0,46.25,6.116961575474272,0.7896733317798305
206.0,48.75,6.116960259752543,0.7896768297917286
208.0,1.25,7.2058552499542765,0.030457135528389582
208.0,3.75,7.259900454825417,0.028400842555121448
208.0,6.25,7.260585699663863,0.028384383520719435
208.0,8.75,7.263421981197602,0.028308710066049018
208.0,11.25,7.2671288068725906,0.02821081524555186
208.0,13.75,7.273972221331785,0.02802841878425389
208.0,16.25,7.309071082784978,0.027158640243891998
208.0,18.75,7.419593618069408,0.02512248572350279
208.0,21.25,7.512499418456655,0.024233372065459415
208.0,23.75,7.584729151899382,0.023998550508272466
208.0,26.25,6.889157085574533,0.1194731362385392
208.0,28.75,6.161552821182878,0.7014434391730427
208.0,31.25,6.125709383541639,0.7674594804504793
208.0,33.75,6.120906209692403,0.7766687350476437
208.0,36.25,6.11989414539922,0.7786266729046921
208.0,38.75,6.1197064166321145,0.7789933284088071
208.0,41.25,6.119673613843828,0.7790598882074835
208.0,43.75,6.119666028499935,0.7790769120265111
208.0,46.25,6.119663148846821,0.7790840360207353
208.0,48.75,6.119661864037403,0.7790872970243418
210.0,1.25,7.200881374990156,0.030575273720785966
210.0,3.75,7.257615441709777,0.028395161860419845
210.0,6.25,7.258330140168488,0.02837751587549745
210.0,8.75,7.261172025450055,0.028300842236434143
210.0,11.25,7.264896824441676,0.028201301216978468
210.0,13.75,7.271966593482706,0.02801088778868327
210.0,16.25,7.310397285162864,0.027055410176855258
210.0,18.75,7.420698018215328,0.025036771170871
210.0,21.25,7.513406433923466,0.02415590587413008
210.0,23.75,7.585610491647382,0.023923796322914383
210.0,26.25,6.809041462423797,0.14284147710849499
210.0,28.75,6.159414653904962,0.7038973540619214
210.0,31.25,6.127055740823969,0.7635485457967438
210.0,33.75,6.1226210411038835,0.7720005733653865
210.0,36.25,6.121678894613299,0.7738089038195943
210.0,38.75,6.121502791193535,0.7741480971656726
210.0,41.25,6.121471961099265,0.7742081864739118
210.0,43.75,6.121464966638694,0.7742222712131083
210.0,46.25,6.121462385577649,0.7742276449485749
210.0,48.75,6.12146124322495,0.7742300464341689
212.0,1.25,7.198603712233923,0.030654446947111096
212.0,3.75,7.254900806147466,0.02847386613033359
212.0,6.25,7.2556261953155685,0.028455335599751178
212.0,8.75,7.258439254935649,0.028378459306564203
212.0,11.25,7.26213125418719,0.02827857457291875
212.0,13.75,7.2713368270210585,0.028040845083467745
212.0,16.25,7.310429281666618,0.02705360920523397
212.0,18.75,7.420725269441164,0.025035210274524034
212.0,21.25,7.513429647233617,0.024154396921023735
212.0,23.75,7.585634684783929,0.023922222259226196
212.0,26.25,6.76942009573304,0.1562631494630551
212.0,28.75,6.159027517950162,0.7045419182082809
212.0,31.25,6.127627291108688,0.7624364093853464
212.0,33.75,6.12328614262882,0.7706950120177609
212.0,36.25,6.122362100245004,0.7724641786739104
212.0,38.75,6.122189535057151,0.772794955513993
212.0,41.25,6.122159711975877,0.772852198605973
212.0,43.75,6.122153260821405,0.7728646134526814
212.0,46.25,6.122151015237187,0.7728689306344633
212.0,48.75,6.122150038504831,0.7728708088515025
214.0,1.25,7.196140253829809,0.030736691100088316
214.0,3.75,7.252263191130275,0.0285456429950445
214.0,6.25,7.2529642073671425,0.02852768008063581
214.0,8.75,7.255749046258137,0.028450832537994068
214.0,11.25,7.259432430558114,0.028350259745668127
214.0,13.75,7.271358954567116,0.028039483790400832
214.0,16.25,7.310465584720917,0.027047548383717954
214.0,18.75,7.420837932007256,0.02502865012312167
214.0,21.25,7.513521364154845,0.024148723954154242
214.0,23.75,7.5857383273720265,0.0239168655689252
214.0,26.25,6.748984853586216,0.16367853844687058
214.0,28.75,6.158044524925424,0.7061835759424143
214.0,31.25,6.127788109229159,0.762038092937354
214.0,33.75,6.1234827757791,0.7702238945948039
214.0,36.25,6.1225656768999075,0.7719786933751893
214.0,38.75,6.122394512624198,0.7723066104120069
214.0,41.25,6.122365108457608,0.7723630486521902
214.0,43.75,6.1223588869953325,0.7723750458862334
214.0,46.25,6.1223567887285295,0.7723790954088939
214.0,48.75,6.122355883857179,0.7723808433883783
216.0,1.25,7.193689408869653,0.030819411932972402
216.0,3.75,7.249625086302174,0.028618500468165456
216.0,6.25,7.250313424389549,0.028600711402657044
216.0,8.75,7.253072277439123,0.028523846321188543
216.0,11.25,7.256731403728809,0.028422946101005386
216.0,13.75,7.27142218444477,0.028032744766483157
216.0,16.25,7.310560165288125,0.027040372100397888
216.0,18.75,7.420916027839638,0.025022735514342444
216.0,21.25,7.513584811006209,0.024143404839201896
216.0,23.75,7.585798762919571,0.0239117442006161
216.0,26.25,6.73667047992095,0.16832078894791488
216.0,28.75,6.157716577988504,0.7066704394585229
216.0,31.25,6.127851354858616,0.7618281744320732
216.0,33.75,6.123566816746775,0.7699720236424837
216.0,36.25,6.1226536723650735,0.7717186767422836
216.0,38.75,6.1224832102858695,0.7720451353625454
216.0,41.25,6.1224539559031745,0.7721012686412224
216.0,43.75,6.1224478022194315,0.7721131320427059
216.0,46.25,6.122445741475566,0.772117107265721
216.0,48.75,6.122444854530944,0.772118819774567
218.0,1.25,7.191248695084572,0.030902422885283557
218.0,3.75,7.246998958182112,0.028691717415043696
218.0,6.25,7.247674624779409,0.028674113286229208
218.0,8.75,7.250407717256937,0.028597240622181695
218.0,11.25,7.254045842427079,0.028495939257077704
218.0,13.75,7.271485490069287,0.028025998264208013
218.0,16.25,7.310654731131375,0.02703319837654794
218.0,18.75,7.420994016498555,0.02501682618645035
218.0,21.25,7.513647966338073,0.024138094070356948
218.0,23.75,7.585858500552862,0.023906634207995308
218.0,26.25,6.728643774814446,0.17141455750758738
218.0,28.75,6.157543494734304,0.7068876764510116
218.0,31.25,6.127888156917629,0.7616681936415751
218.0,33.75,6.123620732033389,0.7697777193425128
218.0,36.25,6.122710823667551,0.7715177499309733
218.0,38.75,6.122540895244604,0.7718431032731282
218.0,41.25,6.12251172585185,0.7718990627065716
218.0,43.75,6.1225056019214135,0.7719108677390885
218.0,46.25,6.1225035526784595,0.7719148199395697
218.0,48.75,6.122502670905467,0.7719165221118329
220.0,1.25,7.1888179624056665,0.030985734850231803
220.0,3.75,7.244384618522459,0.028765299952291892
220.0,6.25,7.245047644070043,0.02874788730702974
220.0,8.75,7.247755216948591,0.02867101583105394
220.0,11.25,7.251375931269467,0.028569227359568745
220.0,13.75,7.271548868213027,0.028019246663331717
220.0,16.25,7.31074934505968,0.027026023833789724
220.0,18.75,7.421071989225777,0.025010917949418864
220.0,21.25,7.513710998558135,0.024132785835956516
220.0,23.75,7.585917885969158,0.02390152829742821
220.0,26.25,6.722852328675455,0.17367860022859744
220.0,28.75,6.157414607606283,0.7070278657291673
220.0,31.25,6.127918106237999,0.7615210964362016
220.0,33.75,6.123666878467239,0.7695982090676886
220.0,36.25,6.122760030547491,0.7713319920976262
220.0,38.75,6.122590593232267,0.77165632903361
220.0,41.25,6.122561491936635,0.7717121483237355
220.0,43.75,6.122555387675522,0.7717239145488075
220.0,46.25,6.122553343010455,0.771727857099731
220.0,48.75,6.1225524630195505,0.7717295554833244
222.0,1.25,7.186397128733728,0.03106934472728396
222.0,3.75,7.241781933939732,0.028839244661555224
222.0,6.25,7.242432348335431,0.02882203002078679
222.0,8.75,7.245114657078559,0.028745167861708613
222.0,11.25,7.248722119989914,0.028642788157223622
222.0,13.75,7.2716123167049025,0.028012490209467666
222.0,16.25,7.310844034248447,0.027018846017234113
222.0,18.75,7.4211499824841365,0.025005009024911713
222.0,21.25,7.513773980662548,0.024127478011067422
222.0,23.75,7.585977101185626,0.023896423337562457
222.0,26.25,6.718232176885054,0.175503415331401
222.0,28.75,6.157298634035586,0.707145500864424
222.0,31.25,6.1279463876340765,0.761377093155876
222.0,33.75,6.123711114089792,0.7694223041947538
222.0,36.25,6.12280728176021,0.7711499368922764
222.0,38.75,6.122638324699297,0.7714732803200394
222.0,41.25,6.12260928715109,0.7715289681843757
222.0,43.75,6.122603199971897,0.7715407005843145
222.0,46.25,6.122601158083975,0.7715446369571565
222.0,48.75,6.1226002789903475,0.7715463332553011
224.0,1.25,7.18398611365203,0.031153249499579847
224.0,3.75,7.239190774092275,0.028913548233756584
224.0,6.25,7.239828606886153,0.028896538100739562
224.0,8.75,7.242485925148568,0.028819692643263985
224.0,11.25,7.246085377737512,0.028716585402628256
224.0,13.75,7.271675832099153,0.028005729249798324
224.0,16.25,7.310938820203784,0.02701166443306342
224.0,18.75,7.4212280249969105,0.024999097574619426
224.0,21.25,7.513836955871342,0.024122169379831814
224.0,23.75,7.586036239302119,0.0238913179042961
224.0,26.25,6.714229087118437,0.17709823245952858
224.0,28.75,6.1571867370434274,0.7072559843608786
224.0,31.25,6.127974370524055,0.7612336026329409
224.0,33.75,6.123754970486633,0.7692470842132407
224.0,36.25,6.122854139930822,0.770968597274323
224.0,38.75,6.1226856600901325,0.7712909537354733
224.0,41.25,6.122656685153308,0.7713465125065756
224.0,43.75,6.122650614408859,0.7713582122962996
224.0,46.25,6.122648574830755,0.7713621433909749
224.0,48.75,6.122647696407906,0.7713638380391645
226.0,1.25,7.18158483691507,0.031237446544159775
226.0,3.75,7.2366110100359515,0.028988207757174995
226.0,6.25,7.237236290851593,0.0289714085798535
226.0,8.75,7.2398689154856255,0.028894586326015926
226.0,11.25,7.243467977776987,0.028790548203644843
226.0,13.75,7.2717394084715945,0.027998964493617887
226.0,16.25,7.31103368973148,0.02700447937131002
226.0,18.75,7.421306137863305,0.02499318367838572
226.0,21.25,7.513899952918152,0.0241168588199786
226.0,23.75,7.586095348626892,0.023886211557396352
226.0,26.25,6.710553912206281,0.17857423996063002
226.0,28.75,6.157076430157033,0.7073636585657851
226.0,31.25,6.128002415598802,0.7610899538711978
226.0,33.75,6.123798845964305,0.7690717986138215
226.0,36.25,6.122901010431113,0.7707872073747051
226.0,38.75,6.122733006683535,0.7711085794254064
226.0,41.25,6.122704094035517,0.7711640098129584
226.0,43.75,6.122698039576994,0.7711756772313908
226.0,46.25,6.122696002196534,0.771179603267962
226.0,48.75,6.1226951243852,0.7711812963787582
228.0,1.25,7.179193216403925,0.03132193405751738
228.0,3.75,7.23404251199035,0.02906322111649148
228.0,6.25,7.2346552707890615,0.02904663930777876
228.0,8.75,7.237263529173291,0.02896984562790801
228.0,11.25,7.243409669256236,0.028805641675899992
228.0,13.75,7.27180303235118,0.027992197466107087
228.0,16.25,7.311128625165783,0.026997292363054322
228.0,18.75,7.4213843067049154,0.024987268112170943
228.0,21.25,7.513962998033935,0.024111547330260184
228.0,23.75,7.586154449493859,0.02388110483685943
228.0,26.25,6.707056004556428,0.1799901382268982
228.0,28.75,6.156967031338818,0.7074697312435002
228.0,31.25,6.1280306155337945,0.7609459928915525
228.0,33.75,6.1238428394114734,0.7688962797494394
228.0,36.25,6.122947993284213,0.7706055969519456
228.0,38.75,6.122780464884345,0.7709259863218707
228.0,41.25,6.122751614399671,0.7709812886380735
228.0,43.75,6.122745576215358,0.7709929236611263
228.0,46.25,6.122743541003367,0.7709968446889263
228.0,48.75,6.122742663787149,0.7709985362872087
230.0,1.25,7.1767996583306255,0.031408426122543624
230.0,3.75,7.231489880484278,0.029139521578756284
230.0,6.25,7.232077401345648,0.029123617651268557
230.0,8.75,7.234672345933567,0.029046576623061683
230.0,11.25,7.243446013785756,0.028800524395489958
230.0,13.75,7.271853110529224,0.027986923280129822
230.0,16.25,7.311156599353127,0.02699275244061562
230.0,18.75,7.421505280054488,0.024981893525216074
230.0,21.25,7.514012218908413,0.024107404997643585
230.0,23.75,7.586200262698411,0.023877117874873396
230.0,26.25,6.704024006189363,0.18122862085646513
230.0,28.75,6.156877341264724,0.7075593987863985
230.0,31.25,6.128056715690788,0.7608252045871239
230.0,33.75,6.1238821473141165,0.7687490740780281
230.0,36.25,6.122989794943843,0.7704532869340591
230.0,38.75,6.122822669402072,0.7707728292368748
230.0,41.25,6.122793873624494,0.7708280044059042
230.0,43.75,6.122787847176523,0.770839612634929
230.0,46.25,6.122785814547991,0.7708435153452599
230.0,48.75,6.122784938493581,0.7708452014562898
232.0,1.25,7.17441538529059,0.03149522394646464
232.0,3.75,7.228948119939372,0.029216172928421706
232.0,6.25,7.229510607487395,0.029200950084266538
232.0,8.75,7.232094310018226,0.0291236054461095
232.0,11.25,7.243482480614567,0.02879538497738353
232.0,13.75,7.271903294183978,0.027981631562136657
232.0,16.25,7.311184648424638,0.026988198978680638
232.0,18.75,7.421591190962798,0.024976962245878212
232.0,21.25,7.514081107398679,0.02410315281024152
232.0,23.75,7.586276757235168,0.023873108547815457
232.0,26.25,6.701216639253652,0.18238216598445461
232.0,28.75,6.1567899840261955,0.7076449500112723
232.0,31.25,6.128079473797048,0.7607106932812381
232.0,33.75,6.123917504251684,0.7686094055245203
232.0,36.25,6.12302753111221,0.7703087702828009
232.0,38.75,6.122860790986392,0.7706275173454507
232.0,41.25,6.122832046533743,0.7706825842296775
232.0,43.75,6.122826035011112,0.7706941551932789
232.0,46.25,6.122824000147088,0.7706980680515313
232.0,48.75,6.122823127376793,0.7706997475920352
234.0,1.25,7.172040354665199,0.031582318928823336
234.0,3.75,7.2264171285400804,0.02929317090774203
234.0,6.25,7.226954748495435,0.029278638404417846
234.0,8.75,7.229529366429952,0.029200930713548172
234.0,11.25,7.2435189879078274,0.028790240045920127
234.0,13.75,7.2719535213499835,0.02797633436711856
234.0,16.25,7.311212726983591,0.026983640587583155
234.0,18.75,7.421677283839186,0.024972025173213834
234.0,21.25,7.514150092857741,0.02409889602936072
234.0,23.75,7.5863533689075116,0.023869094803938153
234.0,26.25,6.69852858216448,0.18349324674673628
234.0,28.75,6.1567035157786245,0.7077288791858329
234.0,31.25,6.128101444829989,0.760597590046755
234.0,33.75,6.123951913083949,0.768471475627749
234.0,36.25,6.1230642878357395,0.77016605806701
234.0,38.75,6.122897926606286,0.7704840235227212
234.0,41.25,6.122869233052195,0.7705389832123261
234.0,43.75,6.122863231881933,0.7705505323427885
234.0,46.25,6.1228611967195965,0.7705544451060493
234.0,48.75,6.12286032515153,0.7705561220679793
236.0,1.25,7.169674496860886,0.031669708151123264
236.0,3.75,7.223896780517247,0.029370515720158714
236.0,6.25,7.224409712275571,0.029356679324689217
236.0,8.75,7.22697754183102,0.02927854332477176
236.0,11.25,7.243555534996275,0.028785089741075322
236.0,13.75,7.272003790923725,0.02797103183395486
236.0,16.25,7.311240834745258,0.02697907736608129
236.0,18.75,7.4217635583399435,0.024967082381943208
236.0,21.25,7.5142191728168415,0.024094634661498242
236.0,23.75,7.586430096341708,0.02386507684173653
236.0,26.25,6.695905305646651,0.18458402713394131
236.0,28.75,6.156617536147475,0.707811887374778
236.0,31.25,6.12812330955482,0.7604846138145835
236.0,33.75,6.123986167370547,0.7683337737005378
236.0,36.25,6.123100881366782,0.7700235924996429
236.0,38.75,6.122934897350092,0.7703407799424065
236.0,41.25,6.1229062545877335,0.7703956326973934
236.0,43.75,6.122900261597512,0.7704071641627026
236.0,46.25,6.12289822762489,0.7704110739881819
236.0,48.75,6.122897356711426,0.7704127494122268
238.0,1.25,7.167317741870167,0.031757388944557104
238.0,3.75,7.221386998905318,0.029448197963347987
238.0,6.25,7.221875387357322,0.02943506977517057
238.0,8.75,7.224438941856565,0.029356432027364297
238.0,11.25,7.243592120101896,0.028779934384159434
238.0,13.75,7.272054100007644,0.02796572430091361
238.0,16.25,7.311268970174283,0.02697450960508448
238.0,18.75,7.421850009689302,0.024962134184366356
238.0,21.25,7.514288342800718,0.024090368983869948
238.0,23.75,7.586506935786792,0.023861054910313914
238.0,26.25,6.693318554063734,0.18566607190522183
238.0,28.75,6.156531936175775,0.7078941687268903
238.0,31.25,6.128145246771824,0.7603714321067107
238.0,33.75,6.124020472974545,0.7681959119432752
238.0,36.25,6.123137522975854,0.7698809745197212
238.0,38.75,6.122971915683854,0.7701973850770198
238.0,41.25,6.122943323695059,0.7702521309541536
238.0,43.75,6.122937338321224,0.7702636458303281
238.0,46.25,6.122935305928494,0.7702675519721187
238.0,48.75,6.122934435529329,0.7702692261270125
240.0,1.25,7.164970024691395,0.03184535829332514
240.0,3.75,7.218887665587642,0.029526217567005422
240.0,6.25,7.219351666586543,0.02951380647858829
240.0,8.75,7.221913821217258,0.029434580951289868
240.0,11.25,7.243628743334553,0.028774774012211287
240.0,13.75,7.272104448248177,0.0279604118152704
240.0,16.25,7.311297133030462,0.02696993734803024
240.0,18.75,7.421936637609179,0.024957180624369794
240.0,21.25,7.514357602080237,0.02408609903782504
240.0,23.75,7.586583887415425,0.023857029036371758
240.0,26.25,6.69075365491829,0.18674542338037378
240.0,28.75,6.156446685048741,0.707975777361394
240.0,31.25,6.12816730311253,0.7602579577881622
240.0,33.75,6.124054883017954,0.7680577898948705
240.0,36.25,6.123174267062255,0.7697381009907891
240.0,38.75,6.123009036305121,0.7700537351804434
240.0,41.25,6.122980495089253,0.7701083741947826
240.0,43.75,6.122974517196294,0.7701198727491099
240.0,46.25,6.122972486481563,0.770123775012103
240.0,48.75,6.122971616570045,0.7701254479586322
242.0,1.25,7.162631279566844,0.031933613492317166
242.0,3.75,7.21639867834135,0.029604571615323608
242.0,6.25,7.216838441076731,0.029592886449778935
242.0,8.75,7.219402717614374,0.029512966033860714
242.0,11.25,7.24366540348321,0.02876960890789094
242.0,13.75,7.272154832957803,0.027955094690913528
242.0,16.25,7.311325321868477,0.026965360864778045
242.0,18.75,7.42202343759705,0.024952221995639352
242.0,21.25,7.514426946625655,0.024081825076034746
242.0,23.75,7.586660947252187,0.02385299945376535
242.0,26.25,6.688203067333478,0.18782520367358096
242.0,28.75,6.156361778596496,0.7080567242534527
242.0,31.25,6.128189490771494,0.7601441722451303
242.0,33.75,6.124089410677132,0.7679193868671601
242.0,36.25,6.123211127003882,0.769594950796175
242.0,38.75,6.123046273175316,0.7699098147814923
242.0,41.25,6.123017782204796,0.7699643411789353
242.0,43.75,6.123011811756803,0.7699758234727944
242.0,46.25,6.123009782743058,0.7699797218126387
242.0,48.75,6.123008913311997,0.7699813935607589
244.0,1.25,7.160301441166974,0.03202215207258489
244.0,3.75,7.213919936455411,0.029683257425853662
244.0,6.25,7.214335597949489,0.02967230701856749
244.0,8.75,7.216906832980034,0.029591543884412548
244.0,11.25,7.243702098497033,0.028764439551820495
244.0,13.75,7.2722052496614635,0.02794977345813984
244.0,16.25,7.311353534210239,0.02696078061394992
244.0,18.75,7.422110402146313,0.024947258791155284
244.0,21.25,7.514496369942362,0.024077547528000592
244.0,23.75,7.586738108480193,0.023848966565899837
244.0,26.25,6.685662989444436,0.18890699245845796
244.0,28.75,6.156277221354393,0.7081370079934631
244.0,31.25,6.128211811893496,0.7600300788136397
244.0,33.75,6.124124057489364,0.7677807073891795
244.0,36.25,6.123248101991975,0.7694515329278804
244.0,38.75,6.123083629823693,0.7697656044114543
244.0,41.25,6.123055184216382,0.7698200409319496
244.0,43.75,6.123049223459175,0.7698315026934479
244.0,46.25,6.123047196156403,0.7698353970885338
244.0,48.75,6.123046327203072,0.7698370676420182
246.0,1.25,7.157980443830534,0.032110971952948715
246.0,3.75,7.211451339982063,0.029762272695534112
246.0,6.25,7.211843010677776,0.029752066116567305
246.0,8.75,7.214930601928448,0.029653422966991208
246.0,11.25,7.243738825154417,0.028759266735470638
246.0,13.75,7.272255690370775,0.02794444900406745
246.0,16.25,7.311381765924926,0.02695619735705359
246.0,18.75,7.422197516525875,0.02494229185286902
246.0,21.25,7.514565859714903,0.024073267114367736
246.0,23.75,7.586815357240529,0.023844931047157004
246.0,26.25,6.683131690694799,0.18999150608223309
246.0,28.75,6.156193028298559,0.7082166133861735
246.0,31.25,6.128234265655032,0.7599156911835941
246.0,33.75,6.124158820635984,0.7676417690817254
246.0,36.25,6.123285192745959,0.769307858320441
246.0,38.75,6.123121098972845,0.7696211503089367
246.0,41.25,6.12309270176484,0.7696754845306332
246.0,43.75,6.123086749027183,0.7696869289328824
246.0,46.25,6.1230847239692086,0.7696908251506512
246.0,48.75,6.123083854965816,0.7696924887246034
248.0,1.25,7.155671391025486,0.032200102509170034
248.0,3.75,7.208978834616146,0.029842374944932592
248.0,6.25,7.209359684645414,0.029832433182405093
248.0,8.75,7.214862268218891,0.029670423157190505
248.0,11.25,7.243786379826998,0.02875405154171465
248.0,13.75,7.272304361658085,0.027939377188972804
248.0,16.25,7.311454267633556,0.026950807799417515
248.0,18.75,7.422256719690959,0.024937872736859778
248.0,21.25,7.5146134559105695,0.02406930106126969
248.0,23.75,7.586859429422632,0.023841118302482128
248.0,26.25,6.680674188820201,0.19105119919915745
248.0,28.75,6.156114693401573,0.7082901731114843
248.0,31.25,6.128257439365335,0.7598044317528453
248.0,33.75,6.124193730022506,0.7675070811920479
248.0,36.25,6.123322331093916,0.7691686318383726
248.0,38.75,6.123158595092309,0.7694811822634654
248.0,41.25,6.123130245801635,0.7695354163503748
248.0,43.75,6.123124306398127,0.7695468325845709
248.0,46.25,6.12312228194122,0.7695507189369127
248.0,48.75,6.123121414899738,0.7695523845336973
250.0,1.25,7.153360901528319,0.03229098089035593
250.0,3.75,7.206523954138163,0.029923411544691764
250.0,6.25,7.20688637229297,0.029914064632069203
250.0,8.75,7.214891450056501,0.02966647084633672
250.0,11.25,7.243823250134549,0.028750069288069592
250.0,13.75,7.272342078840359,0.027935501230067675
250.0,16.25,7.311475716390396,0.02694747395810063
250.0,18.75,7.422320753229653,0.024934266938394584
250.0,21.25,7.514664229588303,0.024066196394572744
250.0,23.75,7.586915391664722,0.02383818950035161
250.0,26.25,6.678538289299493,0.19197879350713062
250.0,28.75,6.156051683070228,0.7083512531885623
250.0,31.25,6.128277879726774,0.7597135639953052
250.0,33.75,6.124223764307852,0.7673970467858432
250.0,36.25,6.123354183246559,0.7690548812167682
250.0,38.75,6.123190743270969,0.7693668094380481
250.0,41.25,6.123162434819835,0.7694209482201723
250.0,43.75,6.123156504346528,0.7694323386583478
250.0,46.25,6.123154483281563,0.7694362132544121
250.0,48.75,6.123153616642268,0.769437875482465
